[
{
  "model": "rotator.cropfamily",
  "pk": 2,
  "fields": {
    "name": "Kapustowate",
    "latin_name": "Brassicaceae",
    "culture": 2,
    "cooldown_min": 4,
    "cooldown_max": null,
    "is_manurable": true,
    "culture_manured": 3,
    "is_mandatory_crop": false
  }
},
{
  "model": "rotator.cropfamily",
  "pk": 4,
  "fields": {
    "name": "Bobowate",
    "latin_name": "Fabaceae",
    "culture": 1,
    "cooldown_min": 4,
    "cooldown_max": 6,
    "is_manurable": false,
    "culture_manured": 0,
    "is_mandatory_crop": true
  }
},
{
  "model": "rotator.cropfamily",
  "pk": 5,
  "fields": {
    "name": "Astrowate",
    "latin_name": "Astracae",
    "culture": 3,
    "cooldown_min": 4,
    "cooldown_max": null,
    "is_manurable": false,
    "culture_manured": 0,
    "is_mandatory_crop": false
  }
},
{
  "model": "rotator.cropfamily",
  "pk": 6,
  "fields": {
    "name": "Ogórecznikowate",
    "latin_name": "Boraginaceae",
    "culture": 3,
    "cooldown_min": 4,
    "cooldown_max": null,
    "is_manurable": true,
    "culture_manured": 1,
    "is_mandatory_crop": false
  }
},
{
  "model": "rotator.cropfamily",
  "pk": 7,
  "fields": {
    "name": "Lnowate",
    "latin_name": "Linaceae",
    "culture": 3,
    "cooldown_min": 5,
    "cooldown_max": 7,
    "is_manurable": false,
    "culture_manured": 0,
    "is_mandatory_crop": false
  }
},
{
  "model": "rotator.cropfamily",
  "pk": 8,
  "fields": {
    "name": "Szarłatowate",
    "latin_name": "Amaranthaceae",
    "culture": 2,
    "cooldown_min": 4,
    "cooldown_max": null,
    "is_manurable": true,
    "culture_manured": 1,
    "is_mandatory_crop": true
  }
},
{
  "model": "rotator.cropfamily",
  "pk": 9,
  "fields": {
    "name": "Psiankowate",
    "latin_name": "Solanaceae",
    "culture": 2,
    "cooldown_min": 3,
    "cooldown_max": null,
    "is_manurable": true,
    "culture_manured": 1,
    "is_mandatory_crop": true
  }
},
{
  "model": "rotator.cropfamily",
  "pk": 10,
  "fields": {
    "name": "Strączkowe",
    "latin_name": "Fabaceae",
    "culture": 1,
    "cooldown_min": 3,
    "cooldown_max": null,
    "is_manurable": false,
    "culture_manured": 0,
    "is_mandatory_crop": true
  }
},
{
  "model": "rotator.cropfamily",
  "pk": 11,
  "fields": {
    "name": "Wiechlinowate",
    "latin_name": "Poaceae",
    "culture": 3,
    "cooldown_min": 4,
    "cooldown_max": null,
    "is_manurable": false,
    "culture_manured": 0,
    "is_mandatory_crop": false
  }
},
{
  "model": "rotator.cropfamily",
  "pk": 13,
  "fields": {
    "name": "Rdestowate",
    "latin_name": "Polygonaceae",
    "culture": 3,
    "cooldown_min": null,
    "cooldown_max": null,
    "is_manurable": false,
    "culture_manured": 0,
    "is_mandatory_crop": false
  }
},
{
  "model": "rotator.croptag",
  "pk": 1,
  "fields": {
    "name": "Okopowe",
    "descr": "Co to są okopowe? Opis",
    "image": ""
  }
},
{
  "model": "rotator.croptag",
  "pk": 2,
  "fields": {
    "name": "Miododajne",
    "descr": "Roślina miododajna - przyciąga owady zapylające.",
    "image": ""
  }
},
{
  "model": "rotator.croptag",
  "pk": 3,
  "fields": {
    "name": "Pastewne",
    "descr": "Nadają się dobrze na karmę dla zwierząt",
    "image": ""
  }
},
{
  "model": "rotator.croptag",
  "pk": 4,
  "fields": {
    "name": "Szkodliwe",
    "descr": "Należy zachować ostrożność przy karmieniu zwierząt.",
    "image": ""
  }
},
{
  "model": "rotator.croptag",
  "pk": 5,
  "fields": {
    "name": "Konkurencyjna",
    "descr": "Roślina konkurencyjna - potrafi zagłuszyć m.in chwasty",
    "image": ""
  }
},
{
  "model": "rotator.croptag",
  "pk": 6,
  "fields": {
    "name": "Samosiejka",
    "descr": "Roślina w klimacie polski wydaje nasiona i łatwo sama się rozsiewa - to zachowanie może być pożądane lub nie.",
    "image": ""
  }
},
{
  "model": "rotator.croptag",
  "pk": 7,
  "fields": {
    "name": "Wytrzymała na suszę",
    "descr": "Roślina dobrze znosi suszę",
    "image": ""
  }
},
{
  "model": "rotator.croptag",
  "pk": 8,
  "fields": {
    "name": "Wieloletnie",
    "descr": "Roślina wieloletnia. Może pozostać na polu dłużej lub być składnikiem np. trwałego użytku zielonego. Na ogół trudna do zniszczenia.",
    "image": ""
  }
},
{
  "model": "rotator.croptag",
  "pk": 9,
  "fields": {
    "name": "Odporna na podmywanie",
    "descr": "Roślina dobrze radzi sobie na glebach wilgotnych z tendencją do zastoisk stagnującej wody.",
    "image": ""
  }
},
{
  "model": "rotator.croptag",
  "pk": 10,
  "fields": {
    "name": "Polecana",
    "descr": "Roślina szczególnie polecana w uprawie ze względu na swoje cechy",
    "image": ""
  }
},
{
  "model": "rotator.crop",
  "pk": 1,
  "fields": {
    "name": "Gorczyca biała",
    "descr": "Sinapis alba",
    "image": "",
    "pubdate": null,
    "family": 2,
    "culture_override": 0,
    "cooldown_min_override": null,
    "cooldown_max_override": null,
    "is_summercrop": false,
    "is_demanding": false,
    "is_deep_roots": false,
    "is_leaves_mess": true,
    "takes_mix_level": 4,
    "seed_norm_min": null,
    "seed_norm_max": null,
    "allelopatic_to": [],
    "allelopatic_to_family": [],
    "allelopatic_to_tag": [],
    "synergic_to": [],
    "synergic_to_family": [],
    "synergic_to_tag": [],
    "tags": [
      2,
      3,
      8,
      7
    ]
  }
},
{
  "model": "rotator.crop",
  "pk": 2,
  "fields": {
    "name": "Gorczyca Sarepska",
    "descr": "Sinapis Juncea, kapusta sitowata",
    "image": "",
    "pubdate": null,
    "family": 2,
    "culture_override": 0,
    "cooldown_min_override": null,
    "cooldown_max_override": null,
    "is_summercrop": true,
    "is_demanding": false,
    "is_deep_roots": true,
    "is_leaves_mess": true,
    "takes_mix_level": 5,
    "seed_norm_min": null,
    "seed_norm_max": null,
    "allelopatic_to": [],
    "allelopatic_to_family": [],
    "allelopatic_to_tag": [],
    "synergic_to": [],
    "synergic_to_family": [],
    "synergic_to_tag": [],
    "tags": []
  }
},
{
  "model": "rotator.crop",
  "pk": 3,
  "fields": {
    "name": "Kapusta Abisyńska",
    "descr": "Brassica Carinata - Ostrożnie z karmieniem zwierząt (zawiera dużo glukozynolanów i kwasu erukowego)",
    "image": "",
    "pubdate": null,
    "family": 2,
    "culture_override": 0,
    "cooldown_min_override": null,
    "cooldown_max_override": null,
    "is_summercrop": true,
    "is_demanding": false,
    "is_deep_roots": true,
    "is_leaves_mess": false,
    "takes_mix_level": 2,
    "seed_norm_min": null,
    "seed_norm_max": null,
    "allelopatic_to": [],
    "allelopatic_to_family": [],
    "allelopatic_to_tag": [],
    "synergic_to": [],
    "synergic_to_family": [],
    "synergic_to_tag": [],
    "tags": []
  }
},
{
  "model": "rotator.crop",
  "pk": 4,
  "fields": {
    "name": "Rzodkiew Oleista",
    "descr": "Raphanus sativu var. oleiformis",
    "image": "",
    "pubdate": null,
    "family": 2,
    "culture_override": 0,
    "cooldown_min_override": null,
    "cooldown_max_override": null,
    "is_summercrop": true,
    "is_demanding": false,
    "is_deep_roots": true,
    "is_leaves_mess": true,
    "takes_mix_level": 5,
    "seed_norm_min": null,
    "seed_norm_max": null,
    "allelopatic_to": [],
    "allelopatic_to_family": [],
    "allelopatic_to_tag": [],
    "synergic_to": [],
    "synergic_to_family": [],
    "synergic_to_tag": [],
    "tags": []
  }
},
{
  "model": "rotator.crop",
  "pk": 5,
  "fields": {
    "name": "Rzodkiew Japońska",
    "descr": null,
    "image": "",
    "pubdate": null,
    "family": 2,
    "culture_override": 0,
    "cooldown_min_override": null,
    "cooldown_max_override": null,
    "is_summercrop": true,
    "is_demanding": false,
    "is_deep_roots": true,
    "is_leaves_mess": false,
    "takes_mix_level": 1,
    "seed_norm_min": null,
    "seed_norm_max": null,
    "allelopatic_to": [],
    "allelopatic_to_family": [],
    "allelopatic_to_tag": [],
    "synergic_to": [],
    "synergic_to_family": [],
    "synergic_to_tag": [],
    "tags": []
  }
},
{
  "model": "rotator.crop",
  "pk": 6,
  "fields": {
    "name": "Rzepak",
    "descr": "Brassica napus",
    "image": "",
    "pubdate": null,
    "family": 2,
    "culture_override": 0,
    "cooldown_min_override": null,
    "cooldown_max_override": null,
    "is_summercrop": false,
    "is_demanding": true,
    "is_deep_roots": true,
    "is_leaves_mess": false,
    "takes_mix_level": 1,
    "seed_norm_min": null,
    "seed_norm_max": null,
    "allelopatic_to": [],
    "allelopatic_to_family": [],
    "allelopatic_to_tag": [],
    "synergic_to": [],
    "synergic_to_family": [],
    "synergic_to_tag": [],
    "tags": []
  }
},
{
  "model": "rotator.crop",
  "pk": 7,
  "fields": {
    "name": "Rzepak Pastewny",
    "descr": "Brassica napus",
    "image": "",
    "pubdate": null,
    "family": 2,
    "culture_override": 0,
    "cooldown_min_override": null,
    "cooldown_max_override": null,
    "is_summercrop": true,
    "is_demanding": true,
    "is_deep_roots": false,
    "is_leaves_mess": false,
    "takes_mix_level": 2,
    "seed_norm_min": null,
    "seed_norm_max": null,
    "allelopatic_to": [],
    "allelopatic_to_family": [],
    "allelopatic_to_tag": [],
    "synergic_to": [],
    "synergic_to_family": [],
    "synergic_to_tag": [],
    "tags": []
  }
},
{
  "model": "rotator.crop",
  "pk": 8,
  "fields": {
    "name": "Rzepik",
    "descr": "Brassica rapa ssp. oleifera",
    "image": "",
    "pubdate": null,
    "family": 2,
    "culture_override": 0,
    "cooldown_min_override": null,
    "cooldown_max_override": null,
    "is_summercrop": false,
    "is_demanding": false,
    "is_deep_roots": true,
    "is_leaves_mess": false,
    "takes_mix_level": 1,
    "seed_norm_min": null,
    "seed_norm_max": null,
    "allelopatic_to": [],
    "allelopatic_to_family": [],
    "allelopatic_to_tag": [],
    "synergic_to": [],
    "synergic_to_family": [],
    "synergic_to_tag": [],
    "tags": []
  }
},
{
  "model": "rotator.crop",
  "pk": 9,
  "fields": {
    "name": "Lnianka siewna",
    "descr": "Camelina sativa",
    "image": "",
    "pubdate": null,
    "family": 2,
    "culture_override": 0,
    "cooldown_min_override": null,
    "cooldown_max_override": null,
    "is_summercrop": true,
    "is_demanding": false,
    "is_deep_roots": false,
    "is_leaves_mess": false,
    "takes_mix_level": 3,
    "seed_norm_min": null,
    "seed_norm_max": null,
    "allelopatic_to": [],
    "allelopatic_to_family": [],
    "allelopatic_to_tag": [],
    "synergic_to": [],
    "synergic_to_family": [],
    "synergic_to_tag": [],
    "tags": []
  }
},
{
  "model": "rotator.crop",
  "pk": 10,
  "fields": {
    "name": "Owies Siewny",
    "descr": "Avena sativa",
    "image": "",
    "pubdate": null,
    "family": 11,
    "culture_override": 0,
    "cooldown_min_override": null,
    "cooldown_max_override": null,
    "is_summercrop": false,
    "is_demanding": false,
    "is_deep_roots": true,
    "is_leaves_mess": true,
    "takes_mix_level": 4,
    "seed_norm_min": null,
    "seed_norm_max": null,
    "allelopatic_to": [
      2,
      1,
      3,
      9,
      6,
      7,
      8,
      5,
      4
    ],
    "allelopatic_to_family": [],
    "allelopatic_to_tag": [],
    "synergic_to": [
      14
    ],
    "synergic_to_family": [],
    "synergic_to_tag": [],
    "tags": []
  }
},
{
  "model": "rotator.crop",
  "pk": 11,
  "fields": {
    "name": "Owies szorstki",
    "descr": "Avena strigosa",
    "image": "",
    "pubdate": null,
    "family": 11,
    "culture_override": 0,
    "cooldown_min_override": null,
    "cooldown_max_override": null,
    "is_summercrop": true,
    "is_demanding": false,
    "is_deep_roots": true,
    "is_leaves_mess": true,
    "takes_mix_level": 0,
    "seed_norm_min": null,
    "seed_norm_max": null,
    "allelopatic_to": [],
    "allelopatic_to_family": [],
    "allelopatic_to_tag": [],
    "synergic_to": [
      14
    ],
    "synergic_to_family": [],
    "synergic_to_tag": [],
    "tags": []
  }
},
{
  "model": "rotator.crop",
  "pk": 12,
  "fields": {
    "name": "Żyto zwyczajne",
    "descr": "Secale cereale",
    "image": "",
    "pubdate": null,
    "family": 11,
    "culture_override": 0,
    "cooldown_min_override": null,
    "cooldown_max_override": null,
    "is_summercrop": false,
    "is_demanding": false,
    "is_deep_roots": true,
    "is_leaves_mess": true,
    "takes_mix_level": 5,
    "seed_norm_min": null,
    "seed_norm_max": null,
    "allelopatic_to": [],
    "allelopatic_to_family": [],
    "allelopatic_to_tag": [],
    "synergic_to": [],
    "synergic_to_family": [],
    "synergic_to_tag": [],
    "tags": []
  }
},
{
  "model": "rotator.crop",
  "pk": 13,
  "fields": {
    "name": "Żyto krzyca",
    "descr": "Secale multicaule, ż. świętojańskie, ż. pastwene",
    "image": "",
    "pubdate": null,
    "family": 11,
    "culture_override": 0,
    "cooldown_min_override": null,
    "cooldown_max_override": null,
    "is_summercrop": false,
    "is_demanding": false,
    "is_deep_roots": true,
    "is_leaves_mess": true,
    "takes_mix_level": 5,
    "seed_norm_min": null,
    "seed_norm_max": null,
    "allelopatic_to": [],
    "allelopatic_to_family": [],
    "allelopatic_to_tag": [],
    "synergic_to": [],
    "synergic_to_family": [],
    "synergic_to_tag": [],
    "tags": []
  }
},
{
  "model": "rotator.crop",
  "pk": 14,
  "fields": {
    "name": "Pszenica",
    "descr": null,
    "image": "",
    "pubdate": null,
    "family": 11,
    "culture_override": 0,
    "cooldown_min_override": null,
    "cooldown_max_override": null,
    "is_summercrop": false,
    "is_demanding": true,
    "is_deep_roots": false,
    "is_leaves_mess": true,
    "takes_mix_level": 0,
    "seed_norm_min": null,
    "seed_norm_max": null,
    "allelopatic_to": [],
    "allelopatic_to_family": [],
    "allelopatic_to_tag": [],
    "synergic_to": [],
    "synergic_to_family": [],
    "synergic_to_tag": [],
    "tags": []
  }
},
{
  "model": "rotator.crop",
  "pk": 16,
  "fields": {
    "name": "Jęczmień zwyczajny",
    "descr": "Hordeum vulgare",
    "image": "",
    "pubdate": null,
    "family": 11,
    "culture_override": 0,
    "cooldown_min_override": null,
    "cooldown_max_override": null,
    "is_summercrop": false,
    "is_demanding": false,
    "is_deep_roots": false,
    "is_leaves_mess": true,
    "takes_mix_level": 2,
    "seed_norm_min": null,
    "seed_norm_max": null,
    "allelopatic_to": [],
    "allelopatic_to_family": [],
    "allelopatic_to_tag": [],
    "synergic_to": [],
    "synergic_to_family": [],
    "synergic_to_tag": [],
    "tags": []
  }
},
{
  "model": "rotator.crop",
  "pk": 17,
  "fields": {
    "name": "Pszenżyto",
    "descr": "Triticale",
    "image": "",
    "pubdate": null,
    "family": 11,
    "culture_override": 0,
    "cooldown_min_override": null,
    "cooldown_max_override": null,
    "is_summercrop": false,
    "is_demanding": false,
    "is_deep_roots": true,
    "is_leaves_mess": true,
    "takes_mix_level": 4,
    "seed_norm_min": null,
    "seed_norm_max": null,
    "allelopatic_to": [],
    "allelopatic_to_family": [],
    "allelopatic_to_tag": [],
    "synergic_to": [],
    "synergic_to_family": [],
    "synergic_to_tag": [],
    "tags": []
  }
},
{
  "model": "rotator.crop",
  "pk": 18,
  "fields": {
    "name": "Kukurydza",
    "descr": null,
    "image": "",
    "pubdate": null,
    "family": null,
    "culture_override": 0,
    "cooldown_min_override": null,
    "cooldown_max_override": null,
    "is_summercrop": false,
    "is_demanding": false,
    "is_deep_roots": false,
    "is_leaves_mess": true,
    "takes_mix_level": 0,
    "seed_norm_min": null,
    "seed_norm_max": null,
    "allelopatic_to": [],
    "allelopatic_to_family": [],
    "allelopatic_to_tag": [],
    "synergic_to": [],
    "synergic_to_family": [],
    "synergic_to_tag": [],
    "tags": []
  }
},
{
  "model": "rotator.crop",
  "pk": 20,
  "fields": {
    "name": "Życica wielokwiatowa",
    "descr": "Lolium multiflorum, rajgras włoski",
    "image": "",
    "pubdate": null,
    "family": 11,
    "culture_override": 0,
    "cooldown_min_override": null,
    "cooldown_max_override": null,
    "is_summercrop": false,
    "is_demanding": false,
    "is_deep_roots": true,
    "is_leaves_mess": true,
    "takes_mix_level": 0,
    "seed_norm_min": null,
    "seed_norm_max": null,
    "allelopatic_to": [],
    "allelopatic_to_family": [],
    "allelopatic_to_tag": [],
    "synergic_to": [
      18,
      21,
      22,
      23,
      6,
      7
    ],
    "synergic_to_family": [],
    "synergic_to_tag": [],
    "tags": []
  }
},
{
  "model": "rotator.crop",
  "pk": 21,
  "fields": {
    "name": "Soja",
    "descr": null,
    "image": "",
    "pubdate": null,
    "family": null,
    "culture_override": 0,
    "cooldown_min_override": null,
    "cooldown_max_override": null,
    "is_summercrop": false,
    "is_demanding": false,
    "is_deep_roots": false,
    "is_leaves_mess": false,
    "takes_mix_level": 0,
    "seed_norm_min": null,
    "seed_norm_max": null,
    "allelopatic_to": [],
    "allelopatic_to_family": [],
    "allelopatic_to_tag": [],
    "synergic_to": [],
    "synergic_to_family": [],
    "synergic_to_tag": [],
    "tags": []
  }
},
{
  "model": "rotator.crop",
  "pk": 22,
  "fields": {
    "name": "Słonecznik",
    "descr": "Helianthus annuus",
    "image": "",
    "pubdate": null,
    "family": 5,
    "culture_override": 0,
    "cooldown_min_override": null,
    "cooldown_max_override": null,
    "is_summercrop": true,
    "is_demanding": false,
    "is_deep_roots": true,
    "is_leaves_mess": true,
    "takes_mix_level": 5,
    "seed_norm_min": null,
    "seed_norm_max": null,
    "allelopatic_to": [],
    "allelopatic_to_family": [],
    "allelopatic_to_tag": [],
    "synergic_to": [
      29
    ],
    "synergic_to_family": [],
    "synergic_to_tag": [],
    "tags": []
  }
},
{
  "model": "rotator.crop",
  "pk": 23,
  "fields": {
    "name": "Koniczyna krwistoczerwona",
    "descr": "Trifolium incarnatum, koniczyna szkarłatna, inkarnatka",
    "image": "",
    "pubdate": null,
    "family": 4,
    "culture_override": 1,
    "cooldown_min_override": null,
    "cooldown_max_override": null,
    "is_summercrop": false,
    "is_demanding": false,
    "is_deep_roots": true,
    "is_leaves_mess": false,
    "takes_mix_level": 1,
    "seed_norm_min": null,
    "seed_norm_max": null,
    "allelopatic_to": [],
    "allelopatic_to_family": [],
    "allelopatic_to_tag": [],
    "synergic_to": [
      18,
      22
    ],
    "synergic_to_family": [],
    "synergic_to_tag": [],
    "tags": [
      2,
      3
    ]
  }
},
{
  "model": "rotator.crop",
  "pk": 24,
  "fields": {
    "name": "Sorgo dwubarwne",
    "descr": "Sorghum bicolor",
    "image": "",
    "pubdate": null,
    "family": 11,
    "culture_override": 0,
    "cooldown_min_override": null,
    "cooldown_max_override": null,
    "is_summercrop": true,
    "is_demanding": false,
    "is_deep_roots": true,
    "is_leaves_mess": true,
    "takes_mix_level": 5,
    "seed_norm_min": null,
    "seed_norm_max": null,
    "allelopatic_to": [],
    "allelopatic_to_family": [],
    "allelopatic_to_tag": [],
    "synergic_to": [],
    "synergic_to_family": [],
    "synergic_to_tag": [],
    "tags": []
  }
},
{
  "model": "rotator.crop",
  "pk": 25,
  "fields": {
    "name": "Mohar",
    "descr": "Setstia italica ssp. moharium",
    "image": "",
    "pubdate": null,
    "family": 11,
    "culture_override": 0,
    "cooldown_min_override": null,
    "cooldown_max_override": null,
    "is_summercrop": true,
    "is_demanding": false,
    "is_deep_roots": false,
    "is_leaves_mess": false,
    "takes_mix_level": 5,
    "seed_norm_min": null,
    "seed_norm_max": null,
    "allelopatic_to": [],
    "allelopatic_to_family": [],
    "allelopatic_to_tag": [],
    "synergic_to": [],
    "synergic_to_family": [],
    "synergic_to_tag": [],
    "tags": []
  }
},
{
  "model": "rotator.crop",
  "pk": 26,
  "fields": {
    "name": "Włośnica ber",
    "descr": "Setaria italica ssp. italica",
    "image": "",
    "pubdate": null,
    "family": 11,
    "culture_override": 0,
    "cooldown_min_override": null,
    "cooldown_max_override": null,
    "is_summercrop": false,
    "is_demanding": false,
    "is_deep_roots": false,
    "is_leaves_mess": false,
    "takes_mix_level": 2,
    "seed_norm_min": null,
    "seed_norm_max": null,
    "allelopatic_to": [
      14
    ],
    "allelopatic_to_family": [],
    "allelopatic_to_tag": [],
    "synergic_to": [],
    "synergic_to_family": [],
    "synergic_to_tag": [],
    "tags": []
  }
},
{
  "model": "rotator.crop",
  "pk": 27,
  "fields": {
    "name": "Rosplenica perłowa",
    "descr": "Pennisetum galucum, poprawia jakiść pł. warzywnego redukując nicienie # dodaj senergie i usuń komentarz",
    "image": "",
    "pubdate": null,
    "family": 11,
    "culture_override": 0,
    "cooldown_min_override": null,
    "cooldown_max_override": null,
    "is_summercrop": false,
    "is_demanding": false,
    "is_deep_roots": false,
    "is_leaves_mess": false,
    "takes_mix_level": 5,
    "seed_norm_min": null,
    "seed_norm_max": null,
    "allelopatic_to": [
      14
    ],
    "allelopatic_to_family": [],
    "allelopatic_to_tag": [],
    "synergic_to": [],
    "synergic_to_family": [],
    "synergic_to_tag": [],
    "tags": []
  }
},
{
  "model": "rotator.crop",
  "pk": 28,
  "fields": {
    "name": "Olejarka abisyńska",
    "descr": "Guizotia abyssinica",
    "image": "",
    "pubdate": null,
    "family": 5,
    "culture_override": 0,
    "cooldown_min_override": null,
    "cooldown_max_override": null,
    "is_summercrop": true,
    "is_demanding": false,
    "is_deep_roots": true,
    "is_leaves_mess": true,
    "takes_mix_level": 4,
    "seed_norm_min": null,
    "seed_norm_max": null,
    "allelopatic_to": [],
    "allelopatic_to_family": [],
    "allelopatic_to_tag": [],
    "synergic_to": [
      29
    ],
    "synergic_to_family": [],
    "synergic_to_tag": [],
    "tags": []
  }
},
{
  "model": "rotator.crop",
  "pk": 29,
  "fields": {
    "name": "Facelia błękitna",
    "descr": "Phacelia tanacetifolia",
    "image": "",
    "pubdate": null,
    "family": 6,
    "culture_override": 0,
    "cooldown_min_override": null,
    "cooldown_max_override": null,
    "is_summercrop": false,
    "is_demanding": false,
    "is_deep_roots": true,
    "is_leaves_mess": true,
    "takes_mix_level": 4,
    "seed_norm_min": null,
    "seed_norm_max": null,
    "allelopatic_to": [],
    "allelopatic_to_family": [],
    "allelopatic_to_tag": [],
    "synergic_to": [
      22,
      23,
      4
    ],
    "synergic_to_family": [],
    "synergic_to_tag": [],
    "tags": []
  }
},
{
  "model": "rotator.crop",
  "pk": 30,
  "fields": {
    "name": "Len zwyczajny",
    "descr": "Linum usitatissimum",
    "image": "",
    "pubdate": null,
    "family": 7,
    "culture_override": 0,
    "cooldown_min_override": null,
    "cooldown_max_override": null,
    "is_summercrop": true,
    "is_demanding": false,
    "is_deep_roots": false,
    "is_leaves_mess": false,
    "takes_mix_level": 3,
    "seed_norm_min": null,
    "seed_norm_max": null,
    "allelopatic_to": [],
    "allelopatic_to_family": [],
    "allelopatic_to_tag": [],
    "synergic_to": [
      23
    ],
    "synergic_to_family": [],
    "synergic_to_tag": [],
    "tags": []
  }
},
{
  "model": "rotator.crop",
  "pk": 31,
  "fields": {
    "name": "Gryka siewna",
    "descr": "Fagopyrum esculentum",
    "image": "",
    "pubdate": null,
    "family": 13,
    "culture_override": 0,
    "cooldown_min_override": null,
    "cooldown_max_override": null,
    "is_summercrop": true,
    "is_demanding": false,
    "is_deep_roots": false,
    "is_leaves_mess": false,
    "takes_mix_level": 0,
    "seed_norm_min": null,
    "seed_norm_max": null,
    "allelopatic_to": [
      22
    ],
    "allelopatic_to_family": [],
    "allelopatic_to_tag": [],
    "synergic_to": [],
    "synergic_to_family": [],
    "synergic_to_tag": [],
    "tags": []
  }
},
{
  "model": "rotator.crop",
  "pk": 32,
  "fields": {
    "name": "Burak",
    "descr": null,
    "image": "",
    "pubdate": null,
    "family": null,
    "culture_override": 0,
    "cooldown_min_override": null,
    "cooldown_max_override": null,
    "is_summercrop": false,
    "is_demanding": false,
    "is_deep_roots": false,
    "is_leaves_mess": false,
    "takes_mix_level": 0,
    "seed_norm_min": null,
    "seed_norm_max": null,
    "allelopatic_to": [],
    "allelopatic_to_family": [],
    "allelopatic_to_tag": [],
    "synergic_to": [],
    "synergic_to_family": [],
    "synergic_to_tag": [],
    "tags": []
  }
},
{
  "model": "rotator.crop",
  "pk": 33,
  "fields": {
    "name": "Ziemniak",
    "descr": null,
    "image": "",
    "pubdate": null,
    "family": null,
    "culture_override": 0,
    "cooldown_min_override": null,
    "cooldown_max_override": null,
    "is_summercrop": false,
    "is_demanding": false,
    "is_deep_roots": false,
    "is_leaves_mess": false,
    "takes_mix_level": 0,
    "seed_norm_min": null,
    "seed_norm_max": null,
    "allelopatic_to": [],
    "allelopatic_to_family": [],
    "allelopatic_to_tag": [],
    "synergic_to": [],
    "synergic_to_family": [],
    "synergic_to_tag": [],
    "tags": []
  }
},
{
  "model": "rotator.crop",
  "pk": 34,
  "fields": {
    "name": "Marchew",
    "descr": null,
    "image": "",
    "pubdate": null,
    "family": null,
    "culture_override": 0,
    "cooldown_min_override": null,
    "cooldown_max_override": null,
    "is_summercrop": false,
    "is_demanding": false,
    "is_deep_roots": false,
    "is_leaves_mess": false,
    "takes_mix_level": 0,
    "seed_norm_min": null,
    "seed_norm_max": null,
    "allelopatic_to": [],
    "allelopatic_to_family": [],
    "allelopatic_to_tag": [],
    "synergic_to": [],
    "synergic_to_family": [],
    "synergic_to_tag": [],
    "tags": []
  }
},
{
  "model": "rotator.crop",
  "pk": 35,
  "fields": {
    "name": "Groch siewny pastewny",
    "descr": "Pisum sativum, sensu lato, peluszka",
    "image": "",
    "pubdate": null,
    "family": 10,
    "culture_override": 0,
    "cooldown_min_override": null,
    "cooldown_max_override": null,
    "is_summercrop": false,
    "is_demanding": false,
    "is_deep_roots": true,
    "is_leaves_mess": false,
    "takes_mix_level": 0,
    "seed_norm_min": null,
    "seed_norm_max": null,
    "allelopatic_to": [],
    "allelopatic_to_family": [],
    "allelopatic_to_tag": [],
    "synergic_to": [],
    "synergic_to_family": [],
    "synergic_to_tag": [],
    "tags": []
  }
},
{
  "model": "rotator.crop",
  "pk": 36,
  "fields": {
    "name": "Wyka siewna",
    "descr": "Vicia sativa. wyka jara",
    "image": "",
    "pubdate": null,
    "family": 10,
    "culture_override": 0,
    "cooldown_min_override": null,
    "cooldown_max_override": null,
    "is_summercrop": false,
    "is_demanding": false,
    "is_deep_roots": false,
    "is_leaves_mess": false,
    "takes_mix_level": 0,
    "seed_norm_min": null,
    "seed_norm_max": null,
    "allelopatic_to": [],
    "allelopatic_to_family": [],
    "allelopatic_to_tag": [],
    "synergic_to": [],
    "synergic_to_family": [],
    "synergic_to_tag": [],
    "tags": []
  }
},
{
  "model": "rotator.crop",
  "pk": 37,
  "fields": {
    "name": "Wyka kosmata",
    "descr": "Vicia villosa, wyka ozima",
    "image": "",
    "pubdate": null,
    "family": 10,
    "culture_override": 0,
    "cooldown_min_override": null,
    "cooldown_max_override": null,
    "is_summercrop": false,
    "is_demanding": false,
    "is_deep_roots": true,
    "is_leaves_mess": false,
    "takes_mix_level": 0,
    "seed_norm_min": null,
    "seed_norm_max": null,
    "allelopatic_to": [],
    "allelopatic_to_family": [],
    "allelopatic_to_tag": [],
    "synergic_to": [
      18
    ],
    "synergic_to_family": [],
    "synergic_to_tag": [
      1
    ],
    "tags": []
  }
},
{
  "model": "rotator.crop",
  "pk": 38,
  "fields": {
    "name": "Wyka bengalska",
    "descr": "Vicia benghalensis",
    "image": "",
    "pubdate": null,
    "family": 10,
    "culture_override": 0,
    "cooldown_min_override": null,
    "cooldown_max_override": null,
    "is_summercrop": false,
    "is_demanding": false,
    "is_deep_roots": false,
    "is_leaves_mess": false,
    "takes_mix_level": 0,
    "seed_norm_min": null,
    "seed_norm_max": null,
    "allelopatic_to": [],
    "allelopatic_to_family": [],
    "allelopatic_to_tag": [],
    "synergic_to": [
      18,
      10,
      11
    ],
    "synergic_to_family": [],
    "synergic_to_tag": [],
    "tags": []
  }
},
{
  "model": "rotator.crop",
  "pk": 39,
  "fields": {
    "name": "Soczewica jadalna / czarna",
    "descr": "Lens culinaris & Lens nigricans",
    "image": "",
    "pubdate": null,
    "family": 10,
    "culture_override": 0,
    "cooldown_min_override": null,
    "cooldown_max_override": null,
    "is_summercrop": true,
    "is_demanding": false,
    "is_deep_roots": true,
    "is_leaves_mess": false,
    "takes_mix_level": 1,
    "seed_norm_min": null,
    "seed_norm_max": null,
    "allelopatic_to": [],
    "allelopatic_to_family": [],
    "allelopatic_to_tag": [],
    "synergic_to": [
      6,
      7
    ],
    "synergic_to_family": [],
    "synergic_to_tag": [],
    "tags": []
  }
},
{
  "model": "rotator.crop",
  "pk": 40,
  "fields": {
    "name": "Bobik",
    "descr": "Vicia faba",
    "image": "",
    "pubdate": null,
    "family": 10,
    "culture_override": 0,
    "cooldown_min_override": null,
    "cooldown_max_override": null,
    "is_summercrop": false,
    "is_demanding": false,
    "is_deep_roots": true,
    "is_leaves_mess": false,
    "takes_mix_level": 4,
    "seed_norm_min": null,
    "seed_norm_max": null,
    "allelopatic_to": [],
    "allelopatic_to_family": [],
    "allelopatic_to_tag": [],
    "synergic_to": [
      32,
      18,
      22,
      29,
      35,
      10,
      11
    ],
    "synergic_to_family": [
      11
    ],
    "synergic_to_tag": [],
    "tags": []
  }
},
{
  "model": "rotator.crop",
  "pk": 41,
  "fields": {
    "name": "Lędźwian Siewny",
    "descr": "Lathyrus Sativus, Zachować szczególną ostrożność przy żywieniu zwierząt. Nasiona zawierają neurotoksyny.",
    "image": "",
    "pubdate": null,
    "family": 10,
    "culture_override": 0,
    "cooldown_min_override": null,
    "cooldown_max_override": null,
    "is_summercrop": true,
    "is_demanding": false,
    "is_deep_roots": true,
    "is_leaves_mess": false,
    "takes_mix_level": 0,
    "seed_norm_min": null,
    "seed_norm_max": null,
    "allelopatic_to": [],
    "allelopatic_to_family": [],
    "allelopatic_to_tag": [],
    "synergic_to": [],
    "synergic_to_family": [],
    "synergic_to_tag": [],
    "tags": []
  }
},
{
  "model": "rotator.crop",
  "pk": 42,
  "fields": {
    "name": "Kozieradka pospolita",
    "descr": "Trigonella foenum-kraecum, kozieradka lekarska",
    "image": "",
    "pubdate": null,
    "family": 10,
    "culture_override": 0,
    "cooldown_min_override": null,
    "cooldown_max_override": null,
    "is_summercrop": true,
    "is_demanding": false,
    "is_deep_roots": true,
    "is_leaves_mess": false,
    "takes_mix_level": 1,
    "seed_norm_min": null,
    "seed_norm_max": null,
    "allelopatic_to": [],
    "allelopatic_to_family": [],
    "allelopatic_to_tag": [],
    "synergic_to": [
      6,
      7
    ],
    "synergic_to_family": [],
    "synergic_to_tag": [],
    "tags": []
  }
},
{
  "model": "rotator.crop",
  "pk": 43,
  "fields": {
    "name": "Koniczyna Aleksandryjska",
    "descr": "Trifolium alexandrinum",
    "image": "",
    "pubdate": null,
    "family": 4,
    "culture_override": 0,
    "cooldown_min_override": null,
    "cooldown_max_override": null,
    "is_summercrop": false,
    "is_demanding": true,
    "is_deep_roots": false,
    "is_leaves_mess": false,
    "takes_mix_level": 2,
    "seed_norm_min": null,
    "seed_norm_max": null,
    "allelopatic_to": [],
    "allelopatic_to_family": [],
    "allelopatic_to_tag": [],
    "synergic_to": [],
    "synergic_to_family": [
      11
    ],
    "synergic_to_tag": [
      1
    ],
    "tags": [
      2,
      3
    ]
  }
},
{
  "model": "rotator.crop",
  "pk": 44,
  "fields": {
    "name": "Koniczyna perska",
    "descr": "Trifolium resupinatum",
    "image": "",
    "pubdate": null,
    "family": 4,
    "culture_override": 0,
    "cooldown_min_override": null,
    "cooldown_max_override": null,
    "is_summercrop": false,
    "is_demanding": false,
    "is_deep_roots": false,
    "is_leaves_mess": false,
    "takes_mix_level": 2,
    "seed_norm_min": null,
    "seed_norm_max": null,
    "allelopatic_to": [],
    "allelopatic_to_family": [],
    "allelopatic_to_tag": [],
    "synergic_to": [],
    "synergic_to_family": [],
    "synergic_to_tag": [],
    "tags": [
      3
    ]
  }
},
{
  "model": "rotator.crop",
  "pk": 45,
  "fields": {
    "name": "Koniczyna michaela",
    "descr": "Trifolium michelianum, bardziej odporna na suszę niż koniczyna krwistoczerwona",
    "image": "",
    "pubdate": null,
    "family": 4,
    "culture_override": 0,
    "cooldown_min_override": null,
    "cooldown_max_override": null,
    "is_summercrop": false,
    "is_demanding": false,
    "is_deep_roots": true,
    "is_leaves_mess": false,
    "takes_mix_level": 1,
    "seed_norm_min": null,
    "seed_norm_max": null,
    "allelopatic_to": [],
    "allelopatic_to_family": [],
    "allelopatic_to_tag": [],
    "synergic_to": [],
    "synergic_to_family": [],
    "synergic_to_tag": [],
    "tags": [
      2,
      3
    ]
  }
},
{
  "model": "rotator.crop",
  "pk": 46,
  "fields": {
    "name": "Koniczyna podziemna",
    "descr": "Trifolium subterraneum",
    "image": "",
    "pubdate": null,
    "family": 4,
    "culture_override": 0,
    "cooldown_min_override": null,
    "cooldown_max_override": null,
    "is_summercrop": false,
    "is_demanding": false,
    "is_deep_roots": false,
    "is_leaves_mess": false,
    "takes_mix_level": 1,
    "seed_norm_min": null,
    "seed_norm_max": null,
    "allelopatic_to": [],
    "allelopatic_to_family": [],
    "allelopatic_to_tag": [],
    "synergic_to": [],
    "synergic_to_family": [],
    "synergic_to_tag": [],
    "tags": [
      5,
      3,
      6,
      4
    ]
  }
},
{
  "model": "rotator.crop",
  "pk": 47,
  "fields": {
    "name": "Koniczyna biała",
    "descr": "Trifolium rapens",
    "image": "",
    "pubdate": null,
    "family": 4,
    "culture_override": 0,
    "cooldown_min_override": null,
    "cooldown_max_override": null,
    "is_summercrop": false,
    "is_demanding": false,
    "is_deep_roots": false,
    "is_leaves_mess": false,
    "takes_mix_level": 0,
    "seed_norm_min": null,
    "seed_norm_max": null,
    "allelopatic_to": [],
    "allelopatic_to_family": [],
    "allelopatic_to_tag": [],
    "synergic_to": [],
    "synergic_to_family": [],
    "synergic_to_tag": [],
    "tags": [
      2,
      7
    ]
  }
},
{
  "model": "rotator.crop",
  "pk": 48,
  "fields": {
    "name": "Koniczyna czerwona",
    "descr": "Trifolium pratense, koniczyna łąkowa",
    "image": "",
    "pubdate": null,
    "family": 4,
    "culture_override": 0,
    "cooldown_min_override": null,
    "cooldown_max_override": null,
    "is_summercrop": false,
    "is_demanding": false,
    "is_deep_roots": true,
    "is_leaves_mess": false,
    "takes_mix_level": 1,
    "seed_norm_min": null,
    "seed_norm_max": null,
    "allelopatic_to": [],
    "allelopatic_to_family": [],
    "allelopatic_to_tag": [],
    "synergic_to": [
      18
    ],
    "synergic_to_family": [
      11
    ],
    "synergic_to_tag": [],
    "tags": [
      5,
      9,
      3,
      4,
      8
    ]
  }
},
{
  "model": "rotator.crop",
  "pk": 49,
  "fields": {
    "name": "Lucerna siewna",
    "descr": "Medicago sativa",
    "image": "",
    "pubdate": null,
    "family": 4,
    "culture_override": 0,
    "cooldown_min_override": null,
    "cooldown_max_override": null,
    "is_summercrop": false,
    "is_demanding": false,
    "is_deep_roots": true,
    "is_leaves_mess": false,
    "takes_mix_level": 5,
    "seed_norm_min": 10,
    "seed_norm_max": 20,
    "allelopatic_to": [],
    "allelopatic_to_family": [],
    "allelopatic_to_tag": [],
    "synergic_to": [
      14
    ],
    "synergic_to_family": [],
    "synergic_to_tag": [],
    "tags": [
      5,
      3,
      10,
      8,
      7
    ]
  }
},
{
  "model": "rotator.crop",
  "pk": 50,
  "fields": {
    "name": "Esparceta siewna",
    "descr": "Onobrychis viciifolia",
    "image": "",
    "pubdate": null,
    "family": 4,
    "culture_override": 0,
    "cooldown_min_override": null,
    "cooldown_max_override": null,
    "is_summercrop": false,
    "is_demanding": false,
    "is_deep_roots": true,
    "is_leaves_mess": false,
    "takes_mix_level": 5,
    "seed_norm_min": 40,
    "seed_norm_max": 50,
    "allelopatic_to": [],
    "allelopatic_to_family": [],
    "allelopatic_to_tag": [],
    "synergic_to": [
      14
    ],
    "synergic_to_family": [],
    "synergic_to_tag": [],
    "tags": [
      5,
      3,
      8,
      7
    ]
  }
},
{
  "model": "rotator.crop",
  "pk": 51,
  "fields": {
    "name": "Siekiernica włoska",
    "descr": "Hedysarum coronarium",
    "image": "",
    "pubdate": null,
    "family": 4,
    "culture_override": 0,
    "cooldown_min_override": null,
    "cooldown_max_override": null,
    "is_summercrop": false,
    "is_demanding": false,
    "is_deep_roots": false,
    "is_leaves_mess": false,
    "takes_mix_level": 5,
    "seed_norm_min": 10,
    "seed_norm_max": 20,
    "allelopatic_to": [],
    "allelopatic_to_family": [],
    "allelopatic_to_tag": [],
    "synergic_to": [],
    "synergic_to_family": [],
    "synergic_to_tag": [],
    "tags": [
      5,
      3,
      8,
      7
    ]
  }
},
{
  "model": "rotator.crop",
  "pk": 52,
  "fields": {
    "name": "Komonica zwyczajna",
    "descr": "Lotus corniculatus, komonica pospolita, komonica rożkowa",
    "image": "",
    "pubdate": null,
    "family": 4,
    "culture_override": 1,
    "cooldown_min_override": null,
    "cooldown_max_override": null,
    "is_summercrop": false,
    "is_demanding": false,
    "is_deep_roots": true,
    "is_leaves_mess": false,
    "takes_mix_level": 0,
    "seed_norm_min": 10,
    "seed_norm_max": 15,
    "allelopatic_to": [],
    "allelopatic_to_family": [],
    "allelopatic_to_tag": [],
    "synergic_to": [],
    "synergic_to_family": [
      11
    ],
    "synergic_to_tag": [],
    "tags": [
      3,
      8,
      7
    ]
  }
},
{
  "model": "rotator.crop",
  "pk": 53,
  "fields": {
    "name": "Nostrzyk żółty",
    "descr": "Melilotus officinalis, nostrzyk lekarski / zwyczajny, trawa tatarska",
    "image": "",
    "pubdate": null,
    "family": 4,
    "culture_override": 0,
    "cooldown_min_override": null,
    "cooldown_max_override": null,
    "is_summercrop": false,
    "is_demanding": false,
    "is_deep_roots": false,
    "is_leaves_mess": false,
    "takes_mix_level": 0,
    "seed_norm_min": 10,
    "seed_norm_max": 15,
    "allelopatic_to": [],
    "allelopatic_to_family": [],
    "allelopatic_to_tag": [],
    "synergic_to": [],
    "synergic_to_family": [
      11
    ],
    "synergic_to_tag": [],
    "tags": [
      5,
      2,
      3,
      6,
      4
    ]
  }
}
]
