[
{
  "model": "rotator.rotationplan",
  "pk": 2,
  "fields": {
    "title": "Przykładowy płodozmian",
    "title_pl": "Przykładowy płodozmian",
    "title_en": "Exemplary rotation plan",
    "owner": 1,
    "pubdate": "2020-12-19T13:45:48Z",
    "soil_type": 0,
    "published": true
  }
},
{
  "model": "rotator.rotationplan",
  "pk": 3,
  "fields": {
    "title": "Zbyt krótki płodozmian testowy",
    "title_pl": "Zbyt krótki płodozmian testowy",
    "title_en": "Too short crop rotatoion plan",
    "owner": 1,
    "pubdate": "2020-12-20T12:49:38Z",
    "soil_type": 1,
    "published": true
  }
},
{
  "model": "rotator.rotationplan",
  "pk": 4,
  "fields": {
    "title": "nowy rtpln",
    "title_pl": "nowy rtpln",
    "title_en": null,
    "owner": 1,
    "pubdate": "2021-01-03T10:07:56Z",
    "soil_type": 0,
    "published": true
  }
},
{
  "model": "rotator.rotationplan",
  "pk": 5,
  "fields": {
    "title": "Testowy Plan Usera",
    "title_pl": "Testowy Plan Usera",
    "title_en": null,
    "owner": 1,
    "pubdate": "2021-01-19T11:37:48.782Z",
    "soil_type": 0,
    "published": true
  }
},
{
  "model": "rotator.rotationplan",
  "pk": 7,
  "fields": {
    "title": "Plan 2",
    "title_pl": "Plan 2",
    "title_en": null,
    "owner": 1,
    "pubdate": "2021-01-19T12:09:41.935Z",
    "soil_type": 0,
    "published": true
  }
},
{
  "model": "rotator.rotationplan",
  "pk": 8,
  "fields": {
    "title": "Plan 3",
    "title_pl": "Plan 3",
    "title_en": null,
    "owner": 1,
    "pubdate": "2021-01-19T12:10:21.442Z",
    "soil_type": 0,
    "published": true
  }
},
{
  "model": "rotator.cropfamily",
  "pk": 2,
  "fields": {
    "name": "Kapustowate",
    "name_pl": "Kapustowate",
    "name_en": "Mustards",
    "latin_name": "Brassicaceae",
    "culture": 2,
    "cooldown_min": 4,
    "cooldown_max": 4,
    "is_manurable": true,
    "culture_manured": 3,
    "is_mandatory_crop": false,
    "is_family_slave": false,
    "family_master": null,
    "family_relationships": [],
    "family_slaves": []
  }
},
{
  "model": "rotator.cropfamily",
  "pk": 4,
  "fields": {
    "name": "Bobowate",
    "name_pl": "Bobowate",
    "name_en": "Legumes",
    "latin_name": "Fabaceae",
    "culture": 1,
    "cooldown_min": 4,
    "cooldown_max": 6,
    "is_manurable": false,
    "culture_manured": 0,
    "is_mandatory_crop": true,
    "is_family_slave": false,
    "family_master": null,
    "family_relationships": [
      11,
      46
    ],
    "family_slaves": [
      10
    ]
  }
},
{
  "model": "rotator.cropfamily",
  "pk": 5,
  "fields": {
    "name": "Astrowate",
    "name_pl": "Astrowate",
    "name_en": "Composite",
    "latin_name": "Astracae",
    "culture": 3,
    "cooldown_min": 4,
    "cooldown_max": 4,
    "is_manurable": false,
    "culture_manured": 0,
    "is_mandatory_crop": false,
    "is_family_slave": false,
    "family_master": null,
    "family_relationships": [],
    "family_slaves": []
  }
},
{
  "model": "rotator.cropfamily",
  "pk": 6,
  "fields": {
    "name": "Ogórecznikowate",
    "name_pl": "Ogórecznikowate",
    "name_en": "Borage",
    "latin_name": "Boraginaceae",
    "culture": 3,
    "cooldown_min": 4,
    "cooldown_max": 4,
    "is_manurable": true,
    "culture_manured": 1,
    "is_mandatory_crop": false,
    "is_family_slave": false,
    "family_master": null,
    "family_relationships": [],
    "family_slaves": []
  }
},
{
  "model": "rotator.cropfamily",
  "pk": 7,
  "fields": {
    "name": "Lnowate",
    "name_pl": "Lnowate",
    "name_en": "Linaceae",
    "latin_name": "Linaceae",
    "culture": 3,
    "cooldown_min": 5,
    "cooldown_max": 7,
    "is_manurable": false,
    "culture_manured": 0,
    "is_mandatory_crop": false,
    "is_family_slave": false,
    "family_master": null,
    "family_relationships": [],
    "family_slaves": []
  }
},
{
  "model": "rotator.cropfamily",
  "pk": 8,
  "fields": {
    "name": "Szarłatowate",
    "name_pl": "Szarłatowate",
    "name_en": "Amaranth",
    "latin_name": "Amaranthaceae",
    "culture": 2,
    "cooldown_min": 4,
    "cooldown_max": 4,
    "is_manurable": true,
    "culture_manured": 1,
    "is_mandatory_crop": true,
    "is_family_slave": false,
    "family_master": null,
    "family_relationships": [],
    "family_slaves": []
  }
},
{
  "model": "rotator.cropfamily",
  "pk": 9,
  "fields": {
    "name": "Psiankowate",
    "name_pl": "Psiankowate",
    "name_en": "Nightshades",
    "latin_name": "Solanaceae",
    "culture": 2,
    "cooldown_min": 4,
    "cooldown_max": null,
    "is_manurable": true,
    "culture_manured": 1,
    "is_mandatory_crop": true,
    "is_family_slave": false,
    "family_master": null,
    "family_relationships": [],
    "family_slaves": []
  }
},
{
  "model": "rotator.cropfamily",
  "pk": 10,
  "fields": {
    "name": "Strączkowe",
    "name_pl": "Strączkowe",
    "name_en": "Legumes",
    "latin_name": "Fabaceae",
    "culture": 1,
    "cooldown_min": 3,
    "cooldown_max": 3,
    "is_manurable": false,
    "culture_manured": 0,
    "is_mandatory_crop": true,
    "is_family_slave": true,
    "family_master": 4,
    "family_relationships": [
      11,
      46,
      14
    ],
    "family_slaves": []
  }
},
{
  "model": "rotator.cropfamily",
  "pk": 11,
  "fields": {
    "name": "Wiechlinowate",
    "name_pl": "Wiechlinowate",
    "name_en": "Gramineae",
    "latin_name": "Poaceae",
    "culture": 3,
    "cooldown_min": 4,
    "cooldown_max": 4,
    "is_manurable": false,
    "culture_manured": 0,
    "is_mandatory_crop": false,
    "is_family_slave": false,
    "family_master": null,
    "family_relationships": [],
    "family_slaves": [
      15
    ]
  }
},
{
  "model": "rotator.cropfamily",
  "pk": 13,
  "fields": {
    "name": "Rdestowate",
    "name_pl": "Rdestowate",
    "name_en": "Polygonaceae",
    "latin_name": "Polygonaceae",
    "culture": 3,
    "cooldown_min": 4,
    "cooldown_max": 4,
    "is_manurable": false,
    "culture_manured": 0,
    "is_mandatory_crop": false,
    "is_family_slave": false,
    "family_master": null,
    "family_relationships": [],
    "family_slaves": []
  }
},
{
  "model": "rotator.cropfamily",
  "pk": 14,
  "fields": {
    "name": "Selerowate",
    "name_pl": "Selerowate",
    "name_en": "Umbellifers",
    "latin_name": "Apiaceae",
    "culture": 2,
    "cooldown_min": 4,
    "cooldown_max": 4,
    "is_manurable": true,
    "culture_manured": 1,
    "is_mandatory_crop": false,
    "is_family_slave": false,
    "family_master": null,
    "family_relationships": [],
    "family_slaves": []
  }
},
{
  "model": "rotator.cropfamily",
  "pk": 15,
  "fields": {
    "name": "Wiechlinowate (Owies)",
    "name_pl": "Wiechlinowate (Owies)",
    "name_en": "Gramineae (Oats)",
    "latin_name": "Poaceae",
    "culture": 3,
    "cooldown_min": 4,
    "cooldown_max": 4,
    "is_manurable": false,
    "culture_manured": 0,
    "is_mandatory_crop": false,
    "is_family_slave": true,
    "family_master": 11,
    "family_relationships": [],
    "family_slaves": []
  }
},
{
  "model": "rotator.cropfamily",
  "pk": 18,
  "fields": {
    "name": "Dyniowate",
    "name_pl": "Dyniowate",
    "name_en": "Cucurbits",
    "latin_name": "Cucurbitaceae",
    "culture": 3,
    "cooldown_min": 4,
    "cooldown_max": 4,
    "is_manurable": false,
    "culture_manured": 0,
    "is_mandatory_crop": false,
    "is_family_slave": false,
    "family_master": null,
    "family_relationships": [],
    "family_slaves": []
  }
},
{
  "model": "rotator.cropfamily",
  "pk": 20,
  "fields": {
    "name": "Różowate",
    "name_pl": "Różowate",
    "name_en": "Rose",
    "latin_name": "Rosaceae",
    "culture": 3,
    "cooldown_min": 4,
    "cooldown_max": 4,
    "is_manurable": false,
    "culture_manured": 0,
    "is_mandatory_crop": false,
    "is_family_slave": false,
    "family_master": null,
    "family_relationships": [],
    "family_slaves": []
  }
},
{
  "model": "rotator.cropfamily",
  "pk": 21,
  "fields": {
    "name": "Przewiertniowate",
    "name_pl": "Przewiertniowate",
    "name_en": "Honeysuckle",
    "latin_name": "Caprifoliaceae",
    "culture": 3,
    "cooldown_min": null,
    "cooldown_max": null,
    "is_manurable": false,
    "culture_manured": 0,
    "is_mandatory_crop": false,
    "is_family_slave": false,
    "family_master": null,
    "family_relationships": [],
    "family_slaves": []
  }
},
{
  "model": "rotator.cropfamily",
  "pk": 22,
  "fields": {
    "name": "Szparagowate",
    "name_pl": "Szparagowate",
    "name_en": "Asparagaceae",
    "latin_name": "Asparagaceae",
    "culture": 3,
    "cooldown_min": 4,
    "cooldown_max": 4,
    "is_manurable": false,
    "culture_manured": 0,
    "is_mandatory_crop": false,
    "is_family_slave": false,
    "family_master": null,
    "family_relationships": [],
    "family_slaves": []
  }
},
{
  "model": "rotator.cropfamily",
  "pk": 23,
  "fields": {
    "name": "Amarylkowate",
    "name_pl": "Amarylkowate",
    "name_en": "Amaryllidaceae",
    "latin_name": "Amaryllidaceae",
    "culture": 3,
    "cooldown_min": 4,
    "cooldown_max": 4,
    "is_manurable": false,
    "culture_manured": 0,
    "is_mandatory_crop": false,
    "is_family_slave": false,
    "family_master": null,
    "family_relationships": [],
    "family_slaves": []
  }
},
{
  "model": "rotator.cropfamily",
  "pk": 24,
  "fields": {
    "name": "Jasnotowate",
    "name_pl": "Jasnotowate",
    "name_en": "Lamiaceae",
    "latin_name": "Lamiaceae Lindl., Labiatae Juss.",
    "culture": 3,
    "cooldown_min": 4,
    "cooldown_max": 4,
    "is_manurable": false,
    "culture_manured": 0,
    "is_mandatory_crop": false,
    "is_family_slave": false,
    "family_master": null,
    "family_relationships": [],
    "family_slaves": []
  }
},
{
  "model": "rotator.cropfamily",
  "pk": 25,
  "fields": {
    "name": "Nasturcjowate",
    "name_pl": "Nasturcjowate",
    "name_en": "Nasturtiums",
    "latin_name": "Tropaeolaceae",
    "culture": 3,
    "cooldown_min": 4,
    "cooldown_max": 4,
    "is_manurable": false,
    "culture_manured": 0,
    "is_mandatory_crop": false,
    "is_family_slave": false,
    "family_master": null,
    "family_relationships": [],
    "family_slaves": []
  }
},
{
  "model": "rotator.cropfamily",
  "pk": 26,
  "fields": {
    "name": "Portulakowate",
    "name_pl": "Portulakowate",
    "name_en": "Purslane",
    "latin_name": "Portulacaceae",
    "culture": 3,
    "cooldown_min": 4,
    "cooldown_max": 4,
    "is_manurable": false,
    "culture_manured": 0,
    "is_mandatory_crop": false,
    "is_family_slave": false,
    "family_master": null,
    "family_relationships": [],
    "family_slaves": []
  }
},
{
  "model": "rotator.cropfamily",
  "pk": 27,
  "fields": {
    "name": "Pryszczyrnicowate",
    "name_pl": "Pryszczyrnicowate",
    "name_en": "Fig-marigold",
    "latin_name": "Aizoaceae",
    "culture": 3,
    "cooldown_min": 4,
    "cooldown_max": 4,
    "is_manurable": false,
    "culture_manured": 0,
    "is_mandatory_crop": false,
    "is_family_slave": false,
    "family_master": null,
    "family_relationships": [],
    "family_slaves": []
  }
},
{
  "model": "rotator.croptag",
  "pk": 2,
  "fields": {
    "name": "Miododajna",
    "name_pl": "Miododajna",
    "name_en": "Nectar source",
    "descr": "Tą roślinę ze szczególnym upodobaniem będą odwiedzać zapylacze.",
    "descr_pl": "Tą roślinę ze szczególnym upodobaniem będą odwiedzać zapylacze.",
    "descr_en": "This species is particularly popular among pollinators.",
    "image": "",
    "is_featured": true,
    "crop_relationships": []
  }
},
{
  "model": "rotator.croptag",
  "pk": 5,
  "fields": {
    "name": "Konkurencyjna",
    "name_pl": "Konkurencyjna",
    "name_en": "Competitive",
    "descr": "Ten gatunek ma zdolność tłumienia chwastów w swoim otoczeniu - prawdopodobnie sam też jest chwastem.",
    "descr_pl": "Ten gatunek ma zdolność tłumienia chwastów w swoim otoczeniu - prawdopodobnie sam też jest chwastem.",
    "descr_en": "This species supresses nearby weeds - probably is a weed itself.",
    "image": "",
    "is_featured": true,
    "crop_relationships": []
  }
},
{
  "model": "rotator.croptag",
  "pk": 11,
  "fields": {
    "name": "Międzyplon",
    "name_pl": "Międzyplon",
    "name_en": "Cover Crop",
    "descr": "Ta roślina posiada specjalne właściwości, które czynią z niej idealny międzyplon!",
    "descr_pl": "Ta roślina posiada specjalne właściwości, które czynią z niej idealny międzyplon!",
    "descr_en": "This species has special characteristics which make it a valuable cover crop.",
    "image": "",
    "is_featured": false,
    "crop_relationships": []
  }
},
{
  "model": "rotator.croptag",
  "pk": 12,
  "fields": {
    "name": "Fitosanitarna / Pułapkowe",
    "name_pl": "Fitosanitarna / Pułapkowe",
    "name_en": "Phytosanitary / Trap plant",
    "descr": "Ta roślina posiada specjalne właściwości pozwalące jej zwalczać różnego rodzaju patogeny i poprawiać tym samym dobrostan innych okolicznych roślin.",
    "descr_pl": "Ta roślina posiada specjalne właściwości pozwalące jej zwalczać różnego rodzaju patogeny i poprawiać tym samym dobrostan innych okolicznych roślin.",
    "descr_en": "This plant has unique properties that enable it to fight off pathogens, hance improving the well-being of surrounding plants.",
    "image": "",
    "is_featured": true,
    "crop_relationships": []
  }
},
{
  "model": "rotator.croptag",
  "pk": 13,
  "fields": {
    "name": "Ostrożnie z karmieniem zwierząt!",
    "name_pl": "Ostrożnie z karmieniem zwierząt!",
    "name_en": "Take caution while feeding livestock!",
    "descr": "Uwaga! Ta roślina zawiera związki chemiczne, które mogą niekorzystnie wpływać na zwierzęta hodowlane!",
    "descr_pl": "Uwaga! Ta roślina zawiera związki chemiczne, które mogą niekorzystnie wpływać na zwierzęta hodowlane!",
    "descr_en": "Caution! This plant produces chenicals that in large quantities may be harmful to livestock.",
    "image": "",
    "is_featured": false,
    "crop_relationships": []
  }
},
{
  "model": "rotator.croptag",
  "pk": 14,
  "fields": {
    "name": "Odporna na suszę",
    "name_pl": "Odporna na suszę",
    "name_en": "Resistant to drought",
    "descr": "Ta roślina dobrze znosi okresowe niedobory wody.",
    "descr_pl": "Ta roślina dobrze znosi okresowe niedobory wody.",
    "descr_en": "This plant can manage temporary droughts.",
    "image": "",
    "is_featured": true,
    "crop_relationships": []
  }
},
{
  "model": "rotator.croptag",
  "pk": 15,
  "fields": {
    "name": "Odporna na podmywanie",
    "name_pl": "Odporna na podmywanie",
    "name_en": "Resistant do damp",
    "descr": "Ta roślina jest w stanie wytrzymać czasowe zalanie wodą.",
    "descr_pl": "Ta roślina jest w stanie wytrzymać czasowe zalanie wodą.",
    "descr_en": "This plant can stand temporary flooding.",
    "image": "",
    "is_featured": true,
    "crop_relationships": []
  }
},
{
  "model": "rotator.croptag",
  "pk": 17,
  "fields": {
    "name": "Okopowe",
    "name_pl": "Okopowe",
    "name_en": "Root Crop",
    "descr": "Rośliny okopowe zostały tu wyróżnione ze względu na specyficzne interakcje z innymi roślinami.",
    "descr_pl": "Rośliny okopowe zostały tu wyróżnione ze względu na specyficzne interakcje z innymi roślinami.",
    "descr_en": "Root crops have been highlighted here due to special interactions with other crops.",
    "image": "",
    "is_featured": true,
    "crop_relationships": []
  }
},
{
  "model": "rotator.croptag",
  "pk": 18,
  "fields": {
    "name": "Warzywo Polowe",
    "name_pl": "Warzywo Polowe",
    "name_en": "Field Vegetable",
    "descr": "Warzywa polowe zostały tu wyróżnione ze względu na specyficzne interakcje z innymi roślinami.",
    "descr_pl": "Warzywa polowe zostały tu wyróżnione ze względu na specyficzne interakcje z innymi roślinami.",
    "descr_en": "Field vegetables have been highlighted here due to special interactions with other crops.",
    "image": "",
    "is_featured": true,
    "crop_relationships": [
      41
    ]
  }
},
{
  "model": "rotator.croptag",
  "pk": 19,
  "fields": {
    "name": "Zboże",
    "name_pl": "Zboże",
    "name_en": "Cereal",
    "descr": "Ta roślina wykazuje cechy zbóż dla potrzeb wykazania interakcji",
    "descr_pl": "Ta roślina wykazuje cechy zbóż dla potrzeb wykazania interakcji",
    "descr_en": "This plant is a cereal for the purposes of showing interactions",
    "image": "",
    "is_featured": true,
    "crop_relationships": [
      39
    ]
  }
},
{
  "model": "rotator.croptag",
  "pk": 20,
  "fields": {
    "name": "Roślina Pnąca",
    "name_pl": "Roślina Pnąca",
    "name_en": "Vines",
    "descr": "Ta roślina skorzysta na rozwoju jeśli zapewnimy jej podporę",
    "descr_pl": "Ta roślina skorzysta na rozwoju jeśli zapewnimy jej podporę",
    "descr_en": "This plants development will be more beneficial if we provide it with support",
    "image": "",
    "is_featured": false,
    "crop_relationships": []
  }
},
{
  "model": "rotator.croptag",
  "pk": 21,
  "fields": {
    "name": "Koniczyna",
    "name_pl": "Koniczyna",
    "name_en": "Clover",
    "descr": "Ten gatunek jest uważany za koniczynę dla celów interakcji",
    "descr_pl": "Ten gatunek jest uważany za koniczynę dla celów interakcji",
    "descr_en": "This species is considered a clover for the purposes of interactions",
    "image": "",
    "is_featured": false,
    "crop_relationships": []
  }
},
{
  "model": "rotator.croptag",
  "pk": 22,
  "fields": {
    "name": "Energetyczne",
    "name_pl": "Energetyczne",
    "name_en": "Energy crop",
    "descr": "Ta roślina nadaje się szczególnie dobrze do celów energetycznych",
    "descr_pl": "Ta roślina nadaje się szczególnie dobrze do celów energetycznych",
    "descr_en": "This plant can be used especially well as an energy source",
    "image": "",
    "is_featured": true,
    "crop_relationships": []
  }
},
{
  "model": "rotator.croptag",
  "pk": 23,
  "fields": {
    "name": "Oleiste",
    "name_pl": "Oleiste",
    "name_en": "Oil plants",
    "descr": "Ta roślina nadaje się szczególnie dobrze do pozyskiwania z niej oleju",
    "descr_pl": "Ta roślina nadaje się szczególnie dobrze do pozyskiwania z niej oleju",
    "descr_en": "This plant can be used especially well as an oil source",
    "image": "",
    "is_featured": true,
    "crop_relationships": []
  }
},
{
  "model": "rotator.croptag",
  "pk": 24,
  "fields": {
    "name": "Zioło",
    "name_pl": "Zioło",
    "name_en": "Herb",
    "descr": "Ta roślina ma pewne szczególne właściwości pozażywieniowe i jest uznawana za zioło.",
    "descr_pl": "Ta roślina ma pewne szczególne właściwości pozażywieniowe i jest uznawana za zioło.",
    "descr_en": "This plant has special  non-nutritional properties and is considered a herb.",
    "image": "",
    "is_featured": true,
    "crop_relationships": []
  }
},
{
  "model": "rotator.crop",
  "pk": 1,
  "fields": {
    "name": "Gorczyca biała",
    "name_pl": "Gorczyca biała",
    "name_en": "White mustard",
    "latin_name": "Sinapis alba",
    "descr": "Roślina Jednoroczna. Późny międzyplon jary.",
    "descr_pl": "Roślina Jednoroczna. Późny międzyplon jary.",
    "descr_en": "Annual plant. Late annual cover crop.",
    "image": "images/gorczyca_biała2_eCClo7Z.jpg",
    "image_source": 17,
    "pubdate": "2021-02-09T10:53:56Z",
    "family": 2,
    "culture_override": 0,
    "cooldown_min_override": null,
    "cooldown_max_override": null,
    "is_demanding": false,
    "is_deep_roots": false,
    "is_leaves_mess": true,
    "takes_mix_level": 4,
    "seed_norm_min": 8,
    "seed_norm_max": 10,
    "crop_relationships": [],
    "tags": [
      2,
      11
    ]
  }
},
{
  "model": "rotator.crop",
  "pk": 2,
  "fields": {
    "name": "Gorczyca Sarepska",
    "name_pl": "Gorczyca Sarepska",
    "name_en": "Brown mustard",
    "latin_name": "Sinapis Juncea",
    "descr": "in. \"Kapusta sitowata\", Międzyplon jary - od wczesnego do późnego.",
    "descr_pl": "in. \"Kapusta sitowata\", Międzyplon jary - od wczesnego do późnego.",
    "descr_en": "also: \"leaf mustard\", Late to early annual cover crop",
    "image": "images/gorczyca_sarepska2_l4jJD0x.jpg",
    "image_source": 17,
    "pubdate": "2021-02-10T12:49:12Z",
    "family": 2,
    "culture_override": 0,
    "cooldown_min_override": null,
    "cooldown_max_override": null,
    "is_demanding": false,
    "is_deep_roots": true,
    "is_leaves_mess": true,
    "takes_mix_level": 5,
    "seed_norm_min": 2,
    "seed_norm_max": 3,
    "crop_relationships": [],
    "tags": [
      12,
      2,
      11
    ]
  }
},
{
  "model": "rotator.crop",
  "pk": 3,
  "fields": {
    "name": "Kapusta Abisyńska",
    "name_pl": "Kapusta Abisyńska",
    "name_en": "Ethiopian Mustard",
    "latin_name": "Brassica Carinata",
    "descr": "Międzyplon jary od wczesnego do późnego.",
    "descr_pl": "Międzyplon jary od wczesnego do późnego.",
    "descr_en": "also: Abissynian Mustard, late to early cover crop.",
    "image": "images/Kapusta_Abisyńska.jpg",
    "image_source": 18,
    "pubdate": "2021-02-13T09:56:10Z",
    "family": 2,
    "culture_override": 0,
    "cooldown_min_override": null,
    "cooldown_max_override": null,
    "is_demanding": false,
    "is_deep_roots": true,
    "is_leaves_mess": false,
    "takes_mix_level": 2,
    "seed_norm_min": 8,
    "seed_norm_max": 12,
    "crop_relationships": [],
    "tags": [
      11,
      13
    ]
  }
},
{
  "model": "rotator.crop",
  "pk": 4,
  "fields": {
    "name": "Rzodkiew Oleista",
    "name_pl": "Rzodkiew Oleista",
    "name_en": "Five fodder radish",
    "latin_name": "Raphanus Sativus var. oleiformis",
    "descr": "Międzyplon jary od wczesnego do późnego.",
    "descr_pl": "Międzyplon jary od wczesnego do późnego.",
    "descr_en": "Early to late annual cover crop.",
    "image": "",
    "image_source": null,
    "pubdate": "2021-02-14T10:45:57Z",
    "family": 2,
    "culture_override": 0,
    "cooldown_min_override": null,
    "cooldown_max_override": null,
    "is_demanding": false,
    "is_deep_roots": true,
    "is_leaves_mess": true,
    "takes_mix_level": 5,
    "seed_norm_min": 6,
    "seed_norm_max": 8,
    "crop_relationships": [
      44
    ],
    "tags": [
      2,
      11,
      14
    ]
  }
},
{
  "model": "rotator.crop",
  "pk": 5,
  "fields": {
    "name": "Rzodkiew Japońska",
    "name_pl": "Rzodkiew Japońska",
    "name_en": "Japanese Radish",
    "latin_name": "Raphanus sativus var. longipinnatus",
    "descr": "Międzyplon jary od wczesnego do późnego.",
    "descr_pl": "Międzyplon jary od wczesnego do późnego.",
    "descr_en": "Early to late annual cover crop.",
    "image": "images/Rzodkiew_Japońska.jpg",
    "image_source": 20,
    "pubdate": "2021-02-15T10:31:13Z",
    "family": 2,
    "culture_override": 1,
    "cooldown_min_override": null,
    "cooldown_max_override": null,
    "is_demanding": false,
    "is_deep_roots": true,
    "is_leaves_mess": false,
    "takes_mix_level": 1,
    "seed_norm_min": 5,
    "seed_norm_max": 8,
    "crop_relationships": [
      24
    ],
    "tags": [
      5,
      11
    ]
  }
},
{
  "model": "rotator.crop",
  "pk": 6,
  "fields": {
    "name": "Rzepak",
    "name_pl": "Rzepak",
    "name_en": "Canola",
    "latin_name": "Brassica napus",
    "descr": "Międzyplon jary lub ozimy od wczesnego do późnego.",
    "descr_pl": "Międzyplon jary lub ozimy od wczesnego do późnego.",
    "descr_en": "Annual or perennial, early to late cover crop.",
    "image": "images/Rzepak.jpg",
    "image_source": 17,
    "pubdate": "2021-02-15T11:02:39Z",
    "family": 2,
    "culture_override": 0,
    "cooldown_min_override": null,
    "cooldown_max_override": null,
    "is_demanding": true,
    "is_deep_roots": true,
    "is_leaves_mess": false,
    "takes_mix_level": 1,
    "seed_norm_min": 8,
    "seed_norm_max": 12,
    "crop_relationships": [],
    "tags": [
      5,
      2,
      11
    ]
  }
},
{
  "model": "rotator.crop",
  "pk": 8,
  "fields": {
    "name": "Rzepik",
    "name_pl": "Rzepik",
    "name_en": "Field Mustard",
    "latin_name": "Brassica rapa ssp. oleifera",
    "descr": "Międzyplon jary lub ozimy od wczesnego do późnego.",
    "descr_pl": "Międzyplon jary lub ozimy od wczesnego do późnego.",
    "descr_en": "Annual or perennial, early to late cover crop.",
    "image": "images/Rzepik.jpg",
    "image_source": 19,
    "pubdate": "2021-02-15T12:00:27Z",
    "family": 2,
    "culture_override": 0,
    "cooldown_min_override": null,
    "cooldown_max_override": null,
    "is_demanding": false,
    "is_deep_roots": true,
    "is_leaves_mess": false,
    "takes_mix_level": 1,
    "seed_norm_min": 6,
    "seed_norm_max": 10,
    "crop_relationships": [],
    "tags": [
      2,
      11,
      15
    ]
  }
},
{
  "model": "rotator.crop",
  "pk": 9,
  "fields": {
    "name": "Lnianka siewna",
    "name_pl": "Lnianka siewna",
    "name_en": "Camelina",
    "latin_name": "Camelina sativa",
    "descr": "Wczesny międzyplon jary",
    "descr_pl": "Wczesny międzyplon jary",
    "descr_en": "Early annual cover crop",
    "image": "images/Lnianka_Siewna.jpg",
    "image_source": 14,
    "pubdate": "2021-02-15T12:55:29Z",
    "family": 2,
    "culture_override": 0,
    "cooldown_min_override": null,
    "cooldown_max_override": null,
    "is_demanding": false,
    "is_deep_roots": false,
    "is_leaves_mess": false,
    "takes_mix_level": 3,
    "seed_norm_min": 3,
    "seed_norm_max": 5,
    "crop_relationships": [],
    "tags": [
      5,
      2,
      11
    ]
  }
},
{
  "model": "rotator.crop",
  "pk": 10,
  "fields": {
    "name": "Owies Siewny",
    "name_pl": "Owies Siewny",
    "name_en": "Oat",
    "latin_name": "Avena sativa",
    "descr": "Międzyplon na jesienny zbiór, od wczesnego do późnego.",
    "descr_pl": "Międzyplon na jesienny zbiór, od wczesnego do późnego.",
    "descr_en": "Early to late autumn harvest cover crop.",
    "image": "images/Owies.jpg",
    "image_source": 15,
    "pubdate": "2021-02-16T08:46:54Z",
    "family": 15,
    "culture_override": 1,
    "cooldown_min_override": null,
    "cooldown_max_override": null,
    "is_demanding": false,
    "is_deep_roots": true,
    "is_leaves_mess": true,
    "takes_mix_level": 4,
    "seed_norm_min": 70,
    "seed_norm_max": 100,
    "crop_relationships": [
      22,
      23
    ],
    "tags": [
      12,
      5,
      11,
      19
    ]
  }
},
{
  "model": "rotator.crop",
  "pk": 11,
  "fields": {
    "name": "Owies Szorstki",
    "name_pl": "Owies Szorstki",
    "name_en": "Black Oat",
    "latin_name": "Avena Strigosa",
    "descr": "Międzyplon uniwersalny. Rośnie na każdej glebie i w każdych warunkach!",
    "descr_pl": "Międzyplon uniwersalny. Rośnie na każdej glebie i w każdych warunkach!",
    "descr_en": "This plan is an universal cover crop. It grows on any soil, under any conditions!",
    "image": "images/Owies_Szorstki.jpg",
    "image_source": 16,
    "pubdate": "2021-02-16T09:55:22Z",
    "family": 15,
    "culture_override": 0,
    "cooldown_min_override": null,
    "cooldown_max_override": null,
    "is_demanding": false,
    "is_deep_roots": true,
    "is_leaves_mess": true,
    "takes_mix_level": 4,
    "seed_norm_min": 35,
    "seed_norm_max": 50,
    "crop_relationships": [],
    "tags": [
      12,
      5,
      11,
      14,
      19
    ]
  }
},
{
  "model": "rotator.crop",
  "pk": 12,
  "fields": {
    "name": "Żyto zwyczajne",
    "name_pl": "Żyto zwyczajne",
    "name_en": "Rye",
    "latin_name": "Secale cereale",
    "descr": "Międzyplon ozimy",
    "descr_pl": "Międzyplon ozimy",
    "descr_en": "Perennial cover crop",
    "image": "images/Żyto.jpg",
    "image_source": 15,
    "pubdate": "2021-02-16T11:01:02Z",
    "family": 11,
    "culture_override": 1,
    "cooldown_min_override": null,
    "cooldown_max_override": null,
    "is_demanding": false,
    "is_deep_roots": true,
    "is_leaves_mess": true,
    "takes_mix_level": 5,
    "seed_norm_min": 70,
    "seed_norm_max": 100,
    "crop_relationships": [
      28,
      26
    ],
    "tags": [
      5,
      19
    ]
  }
},
{
  "model": "rotator.crop",
  "pk": 14,
  "fields": {
    "name": "Pszenica",
    "name_pl": "Pszenica",
    "name_en": null,
    "latin_name": null,
    "descr": "Komentarz testowy",
    "descr_pl": "Komentarz testowy",
    "descr_en": null,
    "image": "images/pszenica.jpg",
    "image_source": null,
    "pubdate": null,
    "family": 11,
    "culture_override": 0,
    "cooldown_min_override": null,
    "cooldown_max_override": null,
    "is_demanding": true,
    "is_deep_roots": false,
    "is_leaves_mess": true,
    "takes_mix_level": 0,
    "seed_norm_min": null,
    "seed_norm_max": null,
    "crop_relationships": [],
    "tags": [
      19
    ]
  }
},
{
  "model": "rotator.crop",
  "pk": 16,
  "fields": {
    "name": "Jęczmień zwyczajny",
    "name_pl": "Jęczmień zwyczajny",
    "name_en": "Barley",
    "latin_name": "Hordeum vulgare",
    "descr": "Wczesny międzyplon ścierniskowy",
    "descr_pl": "Wczesny międzyplon ścierniskowy",
    "descr_en": "Early stubble cover crop",
    "image": "images/Jęczmień.jpg",
    "image_source": 15,
    "pubdate": "2021-02-23T09:18:53Z",
    "family": 11,
    "culture_override": 0,
    "cooldown_min_override": null,
    "cooldown_max_override": null,
    "is_demanding": false,
    "is_deep_roots": false,
    "is_leaves_mess": true,
    "takes_mix_level": 2,
    "seed_norm_min": 80,
    "seed_norm_max": 120,
    "crop_relationships": [],
    "tags": [
      5,
      14,
      19
    ]
  }
},
{
  "model": "rotator.crop",
  "pk": 17,
  "fields": {
    "name": "Pszenżyto",
    "name_pl": "Pszenżyto",
    "name_en": "Triticale",
    "latin_name": "Triticale",
    "descr": "Międzyplon ozimy",
    "descr_pl": "Międzyplon ozimy",
    "descr_en": "Perennial cover crop",
    "image": "images/pszenżyto.jpg",
    "image_source": 21,
    "pubdate": "2021-02-22T12:50:32Z",
    "family": 11,
    "culture_override": 0,
    "cooldown_min_override": null,
    "cooldown_max_override": null,
    "is_demanding": false,
    "is_deep_roots": true,
    "is_leaves_mess": true,
    "takes_mix_level": 4,
    "seed_norm_min": 80,
    "seed_norm_max": 120,
    "crop_relationships": [],
    "tags": [
      11,
      19
    ]
  }
},
{
  "model": "rotator.crop",
  "pk": 18,
  "fields": {
    "name": "Kukurydza",
    "name_pl": "Kukurydza",
    "name_en": "Maize",
    "latin_name": "Zea mays",
    "descr": null,
    "descr_pl": null,
    "descr_en": null,
    "image": "images/Kukurydza.jpg",
    "image_source": 17,
    "pubdate": "2021-03-12T15:09:06Z",
    "family": 11,
    "culture_override": 0,
    "cooldown_min_override": null,
    "cooldown_max_override": null,
    "is_demanding": false,
    "is_deep_roots": false,
    "is_leaves_mess": true,
    "takes_mix_level": 0,
    "seed_norm_min": null,
    "seed_norm_max": null,
    "crop_relationships": [],
    "tags": [
      18,
      19
    ]
  }
},
{
  "model": "rotator.crop",
  "pk": 20,
  "fields": {
    "name": "Życica wielokwiatowa",
    "name_pl": "Życica wielokwiatowa",
    "name_en": "Westerwolds ryegrass",
    "latin_name": "Lolium multiflorum",
    "descr": "in. Rajgras włoski, Międzyplon ozimy z przeznaczeniem na paszę.",
    "descr_pl": "in. Rajgras włoski, Międzyplon ozimy z przeznaczeniem na paszę.",
    "descr_en": "also. Italian ryegrass, Annual cover crop, used as animal feed.",
    "image": "images/Życica_wielokwiatowa.jpg",
    "image_source": 22,
    "pubdate": "2021-02-23T10:13:54Z",
    "family": 11,
    "culture_override": 0,
    "cooldown_min_override": null,
    "cooldown_max_override": null,
    "is_demanding": false,
    "is_deep_roots": true,
    "is_leaves_mess": true,
    "takes_mix_level": 0,
    "seed_norm_min": 15,
    "seed_norm_max": 25,
    "crop_relationships": [],
    "tags": [
      5,
      11,
      15,
      14
    ]
  }
},
{
  "model": "rotator.crop",
  "pk": 21,
  "fields": {
    "name": "Soja",
    "name_pl": "Soja",
    "name_en": null,
    "latin_name": null,
    "descr": null,
    "descr_pl": null,
    "descr_en": null,
    "image": "",
    "image_source": null,
    "pubdate": null,
    "family": 10,
    "culture_override": 0,
    "cooldown_min_override": null,
    "cooldown_max_override": null,
    "is_demanding": false,
    "is_deep_roots": false,
    "is_leaves_mess": false,
    "takes_mix_level": 0,
    "seed_norm_min": null,
    "seed_norm_max": null,
    "crop_relationships": [],
    "tags": []
  }
},
{
  "model": "rotator.crop",
  "pk": 22,
  "fields": {
    "name": "Słonecznik",
    "name_pl": "Słonecznik",
    "name_en": "Sunflower",
    "latin_name": "Helianthus annuus",
    "descr": "Wczesny międzyplon ścierniskowy",
    "descr_pl": "Wczesny międzyplon ścierniskowy",
    "descr_en": "Early stubble cover crop",
    "image": "images/Słonecznik.jpg",
    "image_source": 26,
    "pubdate": "2021-02-25T11:14:04Z",
    "family": 5,
    "culture_override": 0,
    "cooldown_min_override": null,
    "cooldown_max_override": null,
    "is_demanding": false,
    "is_deep_roots": true,
    "is_leaves_mess": true,
    "takes_mix_level": 5,
    "seed_norm_min": 20,
    "seed_norm_max": 25,
    "crop_relationships": [
      43,
      40
    ],
    "tags": [
      5,
      11,
      14
    ]
  }
},
{
  "model": "rotator.crop",
  "pk": 23,
  "fields": {
    "name": "Koniczyna krwistoczerwona",
    "name_pl": "Koniczyna krwistoczerwona",
    "name_en": null,
    "latin_name": null,
    "descr": "Trifolium incarnatum, koniczyna szkarłatna, inkarnatka",
    "descr_pl": "Trifolium incarnatum, koniczyna szkarłatna, inkarnatka",
    "descr_en": null,
    "image": "",
    "image_source": null,
    "pubdate": null,
    "family": 4,
    "culture_override": 1,
    "cooldown_min_override": null,
    "cooldown_max_override": null,
    "is_demanding": false,
    "is_deep_roots": true,
    "is_leaves_mess": false,
    "takes_mix_level": 1,
    "seed_norm_min": 12,
    "seed_norm_max": 15,
    "crop_relationships": [
      36
    ],
    "tags": [
      21,
      2
    ]
  }
},
{
  "model": "rotator.crop",
  "pk": 24,
  "fields": {
    "name": "Sorgo dwubarwne",
    "name_pl": "Sorgo dwubarwne",
    "name_en": "Sorghum",
    "latin_name": "Sorghum bicolor",
    "descr": "Wczesny lub bardzo wczesny międzyplon ścierniskowy",
    "descr_pl": "Wczesny lub bardzo wczesny międzyplon ścierniskowy",
    "descr_en": "Early and very early  stubble cover crop",
    "image": "images/Sorgo_dwubarwne.jpg",
    "image_source": 23,
    "pubdate": "2021-02-23T16:14:21Z",
    "family": 11,
    "culture_override": 0,
    "cooldown_min_override": null,
    "cooldown_max_override": null,
    "is_demanding": false,
    "is_deep_roots": true,
    "is_leaves_mess": true,
    "takes_mix_level": 5,
    "seed_norm_min": 15,
    "seed_norm_max": 25,
    "crop_relationships": [],
    "tags": [
      12,
      5,
      11,
      15,
      14,
      13,
      19
    ]
  }
},
{
  "model": "rotator.crop",
  "pk": 26,
  "fields": {
    "name": "Włośnica ber",
    "name_pl": "Włośnica ber",
    "name_en": "Japanese foxtail millet",
    "latin_name": "Setaria italica",
    "descr": "Wczesny międzplon ścierniskowy",
    "descr_pl": "Wczesny międzplon ścierniskowy",
    "descr_en": "Early stubble cover crop",
    "image": "images/Włośnica_ber.jpg",
    "image_source": 24,
    "pubdate": "2021-02-24T10:35:59Z",
    "family": 11,
    "culture_override": 0,
    "cooldown_min_override": null,
    "cooldown_max_override": null,
    "is_demanding": false,
    "is_deep_roots": false,
    "is_leaves_mess": true,
    "takes_mix_level": 2,
    "seed_norm_min": 30,
    "seed_norm_max": 30,
    "crop_relationships": [],
    "tags": [
      11,
      14,
      19
    ]
  }
},
{
  "model": "rotator.crop",
  "pk": 27,
  "fields": {
    "name": "Rosplenica perłowa",
    "name_pl": "Rosplenica perłowa",
    "name_en": "Pearl millet",
    "latin_name": "Pennisetum galucum",
    "descr": "Średnio i bardzo wczesny międzyplon ścierniskowy",
    "descr_pl": "Średnio i bardzo wczesny międzyplon ścierniskowy",
    "descr_en": "Middle and very early stubble cover crop",
    "image": "images/Rosplenica_perłowa.jpg",
    "image_source": 25,
    "pubdate": "2021-02-24T10:53:46Z",
    "family": 11,
    "culture_override": 0,
    "cooldown_min_override": null,
    "cooldown_max_override": null,
    "is_demanding": false,
    "is_deep_roots": true,
    "is_leaves_mess": true,
    "takes_mix_level": 5,
    "seed_norm_min": 12,
    "seed_norm_max": 15,
    "crop_relationships": [
      38
    ],
    "tags": [
      12,
      5,
      11,
      14
    ]
  }
},
{
  "model": "rotator.crop",
  "pk": 28,
  "fields": {
    "name": "Olejarka abisyńska",
    "name_pl": "Olejarka abisyńska",
    "name_en": "Nyjer",
    "latin_name": "Guizotia abyssinica",
    "descr": "Wczesny międzyplon ścierniskowy",
    "descr_pl": "Wczesny międzyplon ścierniskowy",
    "descr_en": "Early stubble cover crop",
    "image": "images/Olejarka_abisyńska.jpg",
    "image_source": 27,
    "pubdate": "2021-02-25T15:53:36Z",
    "family": 5,
    "culture_override": 0,
    "cooldown_min_override": null,
    "cooldown_max_override": null,
    "is_demanding": false,
    "is_deep_roots": true,
    "is_leaves_mess": true,
    "takes_mix_level": 4,
    "seed_norm_min": 8,
    "seed_norm_max": 12,
    "crop_relationships": [
      42
    ],
    "tags": [
      12,
      5,
      11
    ]
  }
},
{
  "model": "rotator.crop",
  "pk": 29,
  "fields": {
    "name": "Facelia błękitna",
    "name_pl": "Facelia błękitna",
    "name_en": "Blue tansy",
    "latin_name": "Phacelia tanacetifolia",
    "descr": "Wczesny lub późny międzyplon ścierniskowy lub ozimy",
    "descr_pl": "Wczesny lub późny międzyplon ścierniskowy lub ozimy",
    "descr_en": "Early to late stubble or perennial cover crop",
    "image": "images/Facelia_błękitna.JPG",
    "image_source": 28,
    "pubdate": "2021-02-26T10:01:57Z",
    "family": 6,
    "culture_override": 0,
    "cooldown_min_override": null,
    "cooldown_max_override": null,
    "is_demanding": false,
    "is_deep_roots": true,
    "is_leaves_mess": true,
    "takes_mix_level": 4,
    "seed_norm_min": 6,
    "seed_norm_max": 10,
    "crop_relationships": [
      20
    ],
    "tags": [
      2,
      11,
      14
    ]
  }
},
{
  "model": "rotator.crop",
  "pk": 30,
  "fields": {
    "name": "Len zwyczajny",
    "name_pl": "Len zwyczajny",
    "name_en": "Flax",
    "latin_name": "Linum usitatissimum",
    "descr": "Wczesny lub późny międzyplon ścierniskowy lub ozimy",
    "descr_pl": "Wczesny lub późny międzyplon ścierniskowy lub ozimy",
    "descr_en": "Early to late stubble or perennial cover crop",
    "image": "images/Len.jpg",
    "image_source": 17,
    "pubdate": "2021-02-26T11:36:22Z",
    "family": 7,
    "culture_override": 0,
    "cooldown_min_override": null,
    "cooldown_max_override": null,
    "is_demanding": false,
    "is_deep_roots": true,
    "is_leaves_mess": false,
    "takes_mix_level": 3,
    "seed_norm_min": 20,
    "seed_norm_max": 30,
    "crop_relationships": [
      47,
      49,
      48
    ],
    "tags": [
      12,
      5,
      11,
      14
    ]
  }
},
{
  "model": "rotator.crop",
  "pk": 31,
  "fields": {
    "name": "Gryka siewna",
    "name_pl": "Gryka siewna",
    "name_en": "Buckwheat",
    "latin_name": "Fagopyrum esculentum",
    "descr": "Wczesny międzyplon ścierniskowy",
    "descr_pl": "Wczesny międzyplon ścierniskowy",
    "descr_en": "Early stubble cover crop",
    "image": "images/Gryka_siwena.jpg",
    "image_source": 15,
    "pubdate": "2021-02-26T13:37:39Z",
    "family": 13,
    "culture_override": 0,
    "cooldown_min_override": null,
    "cooldown_max_override": null,
    "is_demanding": false,
    "is_deep_roots": false,
    "is_leaves_mess": false,
    "takes_mix_level": 0,
    "seed_norm_min": 40,
    "seed_norm_max": 60,
    "crop_relationships": [
      58,
      59,
      57,
      60
    ],
    "tags": [
      5,
      2,
      11,
      14
    ]
  }
},
{
  "model": "rotator.crop",
  "pk": 32,
  "fields": {
    "name": "Burak",
    "name_pl": "Burak",
    "name_en": null,
    "latin_name": null,
    "descr": null,
    "descr_pl": null,
    "descr_en": null,
    "image": "",
    "image_source": null,
    "pubdate": null,
    "family": 8,
    "culture_override": 0,
    "cooldown_min_override": null,
    "cooldown_max_override": null,
    "is_demanding": true,
    "is_deep_roots": false,
    "is_leaves_mess": false,
    "takes_mix_level": 1,
    "seed_norm_min": null,
    "seed_norm_max": null,
    "crop_relationships": [],
    "tags": [
      17,
      18
    ]
  }
},
{
  "model": "rotator.crop",
  "pk": 33,
  "fields": {
    "name": "Ziemniak",
    "name_pl": "Ziemniak",
    "name_en": "Potato",
    "latin_name": "Solanum tuberosum",
    "descr": null,
    "descr_pl": null,
    "descr_en": null,
    "image": "images/Ziemniak.jpg",
    "image_source": 38,
    "pubdate": "2021-03-08T08:58:00Z",
    "family": 9,
    "culture_override": 0,
    "cooldown_min_override": null,
    "cooldown_max_override": null,
    "is_demanding": false,
    "is_deep_roots": false,
    "is_leaves_mess": false,
    "takes_mix_level": 0,
    "seed_norm_min": null,
    "seed_norm_max": null,
    "crop_relationships": [
      157,
      146,
      152,
      153,
      156,
      154,
      160,
      159,
      148,
      147,
      151,
      145,
      149,
      158,
      155,
      150
    ],
    "tags": [
      17,
      18
    ]
  }
},
{
  "model": "rotator.crop",
  "pk": 34,
  "fields": {
    "name": "Marchew Zwyczajna",
    "name_pl": "Marchew Zwyczajna",
    "name_en": "Carrot",
    "latin_name": "Daucus carota",
    "descr": null,
    "descr_pl": null,
    "descr_en": null,
    "image": "images/Marchew.jpg",
    "image_source": 14,
    "pubdate": "2021-03-10T16:17:39Z",
    "family": 14,
    "culture_override": 0,
    "cooldown_min_override": null,
    "cooldown_max_override": null,
    "is_demanding": false,
    "is_deep_roots": false,
    "is_leaves_mess": false,
    "takes_mix_level": 0,
    "seed_norm_min": null,
    "seed_norm_max": null,
    "crop_relationships": [
      255,
      251,
      263,
      252,
      250,
      254,
      256,
      257,
      260,
      253,
      261,
      259,
      258,
      264,
      249,
      262
    ],
    "tags": [
      17,
      18
    ]
  }
},
{
  "model": "rotator.crop",
  "pk": 35,
  "fields": {
    "name": "Groch siewny pastewny",
    "name_pl": "Groch siewny pastewny",
    "name_en": "Field Pea",
    "latin_name": "Pisum sativum, sensu lato",
    "descr": "in. \"peluszka\", międzyplon uniwersalny.",
    "descr_pl": "in. \"peluszka\", międzyplon uniwersalny.",
    "descr_en": "also. \"dun pea\", universal cover crop.",
    "image": "images/Groch_siewny_pastewny.jpg",
    "image_source": 29,
    "pubdate": "2021-03-01T15:46:49Z",
    "family": 10,
    "culture_override": 0,
    "cooldown_min_override": null,
    "cooldown_max_override": null,
    "is_demanding": false,
    "is_deep_roots": true,
    "is_leaves_mess": false,
    "takes_mix_level": 0,
    "seed_norm_min": 60,
    "seed_norm_max": 80,
    "crop_relationships": [
      62,
      21
    ],
    "tags": [
      11,
      14,
      20
    ]
  }
},
{
  "model": "rotator.crop",
  "pk": 36,
  "fields": {
    "name": "Wyka siewna",
    "name_pl": "Wyka siewna",
    "name_en": "Common vetch",
    "latin_name": "Vicia sativa",
    "descr": "Międzyplon ścierniskowy ozimy",
    "descr_pl": "Międzyplon ścierniskowy ozimy",
    "descr_en": "Perennial stubble cover crop",
    "image": "images/Wyka_siewna.jpg",
    "image_source": 15,
    "pubdate": "2021-03-01T16:28:17Z",
    "family": 10,
    "culture_override": 0,
    "cooldown_min_override": null,
    "cooldown_max_override": null,
    "is_demanding": false,
    "is_deep_roots": false,
    "is_leaves_mess": false,
    "takes_mix_level": 0,
    "seed_norm_min": 40,
    "seed_norm_max": 50,
    "crop_relationships": [
      25
    ],
    "tags": [
      5,
      11,
      20
    ]
  }
},
{
  "model": "rotator.crop",
  "pk": 37,
  "fields": {
    "name": "Wyka kosmata",
    "name_pl": "Wyka kosmata",
    "name_en": "hairy vetch",
    "latin_name": "Vicia villosa",
    "descr": "Międzyplon ścierniskowy ozimy",
    "descr_pl": "Międzyplon ścierniskowy ozimy",
    "descr_en": "Perennial stubble cover crop",
    "image": "images/Wyka_kosmata.jpg",
    "image_source": 30,
    "pubdate": "2021-03-02T14:28:10Z",
    "family": 10,
    "culture_override": 0,
    "cooldown_min_override": null,
    "cooldown_max_override": null,
    "is_demanding": false,
    "is_deep_roots": true,
    "is_leaves_mess": false,
    "takes_mix_level": 0,
    "seed_norm_min": 35,
    "seed_norm_max": 45,
    "crop_relationships": [
      25
    ],
    "tags": [
      5,
      2,
      14,
      20
    ]
  }
},
{
  "model": "rotator.crop",
  "pk": 39,
  "fields": {
    "name": "Soczewica jadalna",
    "name_pl": "Soczewica jadalna",
    "name_en": "Lens",
    "latin_name": "Lens culinaris",
    "descr": "Międzyplon ścierniskowy",
    "descr_pl": "Międzyplon ścierniskowy",
    "descr_en": "Stubble cover crop",
    "image": "images/soczewica.jpg",
    "image_source": 31,
    "pubdate": "2021-03-02T17:12:24Z",
    "family": 10,
    "culture_override": 0,
    "cooldown_min_override": null,
    "cooldown_max_override": null,
    "is_demanding": false,
    "is_deep_roots": true,
    "is_leaves_mess": false,
    "takes_mix_level": 1,
    "seed_norm_min": 25,
    "seed_norm_max": 35,
    "crop_relationships": [
      65
    ],
    "tags": [
      5,
      11
    ]
  }
},
{
  "model": "rotator.crop",
  "pk": 40,
  "fields": {
    "name": "Bobik",
    "name_pl": "Bobik",
    "name_en": null,
    "latin_name": "Vicia faba ssp. minor",
    "descr": "Vicia faba",
    "descr_pl": "Vicia faba",
    "descr_en": null,
    "image": "",
    "image_source": null,
    "pubdate": null,
    "family": 10,
    "culture_override": 0,
    "cooldown_min_override": null,
    "cooldown_max_override": null,
    "is_demanding": false,
    "is_deep_roots": true,
    "is_leaves_mess": false,
    "takes_mix_level": 4,
    "seed_norm_min": 150,
    "seed_norm_max": 200,
    "crop_relationships": [],
    "tags": []
  }
},
{
  "model": "rotator.crop",
  "pk": 41,
  "fields": {
    "name": "Lędźwian Siewny",
    "name_pl": "Lędźwian Siewny",
    "name_en": null,
    "latin_name": null,
    "descr": "Lathyrus Sativus, Zachować szczególną ostrożność przy żywieniu zwierząt. Nasiona zawierają neurotoksyny.",
    "descr_pl": "Lathyrus Sativus, Zachować szczególną ostrożność przy żywieniu zwierząt. Nasiona zawierają neurotoksyny.",
    "descr_en": null,
    "image": "",
    "image_source": null,
    "pubdate": null,
    "family": 10,
    "culture_override": 0,
    "cooldown_min_override": null,
    "cooldown_max_override": null,
    "is_demanding": false,
    "is_deep_roots": true,
    "is_leaves_mess": false,
    "takes_mix_level": 0,
    "seed_norm_min": 35,
    "seed_norm_max": 60,
    "crop_relationships": [],
    "tags": []
  }
},
{
  "model": "rotator.crop",
  "pk": 42,
  "fields": {
    "name": "Kozieradka pospolita",
    "name_pl": "Kozieradka pospolita",
    "name_en": null,
    "latin_name": null,
    "descr": "Trigonella foenum-kraecum, kozieradka lekarska",
    "descr_pl": "Trigonella foenum-kraecum, kozieradka lekarska",
    "descr_en": null,
    "image": "",
    "image_source": null,
    "pubdate": null,
    "family": 10,
    "culture_override": 0,
    "cooldown_min_override": null,
    "cooldown_max_override": null,
    "is_demanding": false,
    "is_deep_roots": true,
    "is_leaves_mess": false,
    "takes_mix_level": 1,
    "seed_norm_min": 10,
    "seed_norm_max": 15,
    "crop_relationships": [],
    "tags": []
  }
},
{
  "model": "rotator.crop",
  "pk": 43,
  "fields": {
    "name": "Koniczyna Aleksandryjska",
    "name_pl": "Koniczyna Aleksandryjska",
    "name_en": null,
    "latin_name": null,
    "descr": "Trifolium alexandrinum",
    "descr_pl": "Trifolium alexandrinum",
    "descr_en": null,
    "image": "",
    "image_source": null,
    "pubdate": null,
    "family": 4,
    "culture_override": 0,
    "cooldown_min_override": null,
    "cooldown_max_override": null,
    "is_demanding": true,
    "is_deep_roots": false,
    "is_leaves_mess": false,
    "takes_mix_level": 2,
    "seed_norm_min": 10,
    "seed_norm_max": 15,
    "crop_relationships": [
      37
    ],
    "tags": [
      21,
      2
    ]
  }
},
{
  "model": "rotator.crop",
  "pk": 44,
  "fields": {
    "name": "Koniczyna perska",
    "name_pl": "Koniczyna perska",
    "name_en": null,
    "latin_name": null,
    "descr": "Trifolium resupinatum",
    "descr_pl": "Trifolium resupinatum",
    "descr_en": null,
    "image": "",
    "image_source": null,
    "pubdate": null,
    "family": 4,
    "culture_override": 0,
    "cooldown_min_override": null,
    "cooldown_max_override": null,
    "is_demanding": false,
    "is_deep_roots": false,
    "is_leaves_mess": false,
    "takes_mix_level": 2,
    "seed_norm_min": 10,
    "seed_norm_max": 15,
    "crop_relationships": [],
    "tags": [
      21
    ]
  }
},
{
  "model": "rotator.crop",
  "pk": 45,
  "fields": {
    "name": "Koniczyna michaela",
    "name_pl": "Koniczyna michaela",
    "name_en": null,
    "latin_name": null,
    "descr": "Trifolium michelianum, bardziej odporna na suszę niż koniczyna krwistoczerwona",
    "descr_pl": "Trifolium michelianum, bardziej odporna na suszę niż koniczyna krwistoczerwona",
    "descr_en": null,
    "image": "",
    "image_source": null,
    "pubdate": null,
    "family": 4,
    "culture_override": 0,
    "cooldown_min_override": null,
    "cooldown_max_override": null,
    "is_demanding": false,
    "is_deep_roots": true,
    "is_leaves_mess": false,
    "takes_mix_level": 1,
    "seed_norm_min": 10,
    "seed_norm_max": 15,
    "crop_relationships": [],
    "tags": [
      21,
      2
    ]
  }
},
{
  "model": "rotator.crop",
  "pk": 46,
  "fields": {
    "name": "Koniczyna podziemna",
    "name_pl": "Koniczyna podziemna",
    "name_en": null,
    "latin_name": null,
    "descr": "Trifolium subterraneum",
    "descr_pl": "Trifolium subterraneum",
    "descr_en": null,
    "image": "",
    "image_source": null,
    "pubdate": null,
    "family": 4,
    "culture_override": 0,
    "cooldown_min_override": null,
    "cooldown_max_override": null,
    "is_demanding": false,
    "is_deep_roots": false,
    "is_leaves_mess": false,
    "takes_mix_level": 1,
    "seed_norm_min": 10,
    "seed_norm_max": 15,
    "crop_relationships": [],
    "tags": [
      21,
      5
    ]
  }
},
{
  "model": "rotator.crop",
  "pk": 47,
  "fields": {
    "name": "Koniczyna biała",
    "name_pl": "Koniczyna biała",
    "name_en": null,
    "latin_name": null,
    "descr": "Trifolium rapens",
    "descr_pl": "Trifolium rapens",
    "descr_en": null,
    "image": "",
    "image_source": null,
    "pubdate": null,
    "family": 4,
    "culture_override": 0,
    "cooldown_min_override": null,
    "cooldown_max_override": null,
    "is_demanding": false,
    "is_deep_roots": false,
    "is_leaves_mess": false,
    "takes_mix_level": 0,
    "seed_norm_min": 6,
    "seed_norm_max": 10,
    "crop_relationships": [],
    "tags": [
      21,
      2
    ]
  }
},
{
  "model": "rotator.crop",
  "pk": 48,
  "fields": {
    "name": "Koniczyna czerwona",
    "name_pl": "Koniczyna czerwona",
    "name_en": null,
    "latin_name": null,
    "descr": "Trifolium pratense, koniczyna łąkowa",
    "descr_pl": "Trifolium pratense, koniczyna łąkowa",
    "descr_en": null,
    "image": "",
    "image_source": null,
    "pubdate": null,
    "family": 4,
    "culture_override": 0,
    "cooldown_min_override": null,
    "cooldown_max_override": null,
    "is_demanding": false,
    "is_deep_roots": true,
    "is_leaves_mess": false,
    "takes_mix_level": 1,
    "seed_norm_min": 10,
    "seed_norm_max": 15,
    "crop_relationships": [],
    "tags": [
      21,
      5
    ]
  }
},
{
  "model": "rotator.crop",
  "pk": 49,
  "fields": {
    "name": "Lucerna siewna",
    "name_pl": "Lucerna siewna",
    "name_en": null,
    "latin_name": null,
    "descr": "Medicago sativa",
    "descr_pl": "Medicago sativa",
    "descr_en": null,
    "image": "",
    "image_source": null,
    "pubdate": null,
    "family": 4,
    "culture_override": 0,
    "cooldown_min_override": null,
    "cooldown_max_override": null,
    "is_demanding": false,
    "is_deep_roots": true,
    "is_leaves_mess": false,
    "takes_mix_level": 5,
    "seed_norm_min": 20,
    "seed_norm_max": 25,
    "crop_relationships": [],
    "tags": [
      5,
      2
    ]
  }
},
{
  "model": "rotator.crop",
  "pk": 50,
  "fields": {
    "name": "Esparceta siewna",
    "name_pl": "Esparceta siewna",
    "name_en": null,
    "latin_name": null,
    "descr": "Onobrychis viciifolia",
    "descr_pl": "Onobrychis viciifolia",
    "descr_en": null,
    "image": "",
    "image_source": null,
    "pubdate": null,
    "family": 4,
    "culture_override": 0,
    "cooldown_min_override": null,
    "cooldown_max_override": null,
    "is_demanding": false,
    "is_deep_roots": true,
    "is_leaves_mess": false,
    "takes_mix_level": 5,
    "seed_norm_min": 40,
    "seed_norm_max": 50,
    "crop_relationships": [],
    "tags": [
      5
    ]
  }
},
{
  "model": "rotator.crop",
  "pk": 51,
  "fields": {
    "name": "Siekiernica włoska",
    "name_pl": "Siekiernica włoska",
    "name_en": null,
    "latin_name": null,
    "descr": "Hedysarum coronarium",
    "descr_pl": "Hedysarum coronarium",
    "descr_en": null,
    "image": "",
    "image_source": null,
    "pubdate": null,
    "family": 4,
    "culture_override": 0,
    "cooldown_min_override": null,
    "cooldown_max_override": null,
    "is_demanding": false,
    "is_deep_roots": false,
    "is_leaves_mess": false,
    "takes_mix_level": 5,
    "seed_norm_min": 10,
    "seed_norm_max": 20,
    "crop_relationships": [],
    "tags": [
      5
    ]
  }
},
{
  "model": "rotator.crop",
  "pk": 52,
  "fields": {
    "name": "Komonica zwyczajna",
    "name_pl": "Komonica zwyczajna",
    "name_en": null,
    "latin_name": null,
    "descr": "Lotus corniculatus, komonica pospolita, komonica rożkowa",
    "descr_pl": "Lotus corniculatus, komonica pospolita, komonica rożkowa",
    "descr_en": null,
    "image": "",
    "image_source": null,
    "pubdate": null,
    "family": 4,
    "culture_override": 1,
    "cooldown_min_override": null,
    "cooldown_max_override": null,
    "is_demanding": false,
    "is_deep_roots": true,
    "is_leaves_mess": false,
    "takes_mix_level": 0,
    "seed_norm_min": 10,
    "seed_norm_max": 15,
    "crop_relationships": [],
    "tags": [
      2
    ]
  }
},
{
  "model": "rotator.crop",
  "pk": 53,
  "fields": {
    "name": "Nostrzyk żółty",
    "name_pl": "Nostrzyk żółty",
    "name_en": null,
    "latin_name": null,
    "descr": "Melilotus officinalis, nostrzyk lekarski / zwyczajny, trawa tatarska",
    "descr_pl": "Melilotus officinalis, nostrzyk lekarski / zwyczajny, trawa tatarska",
    "descr_en": null,
    "image": "",
    "image_source": null,
    "pubdate": null,
    "family": 4,
    "culture_override": 0,
    "cooldown_min_override": null,
    "cooldown_max_override": null,
    "is_demanding": false,
    "is_deep_roots": true,
    "is_leaves_mess": false,
    "takes_mix_level": 0,
    "seed_norm_min": 10,
    "seed_norm_max": 15,
    "crop_relationships": [],
    "tags": [
      5,
      2
    ]
  }
},
{
  "model": "rotator.crop",
  "pk": 54,
  "fields": {
    "name": "Proso",
    "name_pl": "Proso",
    "name_en": null,
    "latin_name": null,
    "descr": null,
    "descr_pl": null,
    "descr_en": null,
    "image": "",
    "image_source": null,
    "pubdate": null,
    "family": 11,
    "culture_override": 0,
    "cooldown_min_override": null,
    "cooldown_max_override": null,
    "is_demanding": false,
    "is_deep_roots": false,
    "is_leaves_mess": false,
    "takes_mix_level": 0,
    "seed_norm_min": null,
    "seed_norm_max": null,
    "crop_relationships": [],
    "tags": [
      19
    ]
  }
},
{
  "model": "rotator.crop",
  "pk": 55,
  "fields": {
    "name": "Fasola zwykła - Tyczna",
    "name_pl": "Fasola zwykła - Tyczna",
    "name_en": "Common beak - pole",
    "latin_name": "Phaseolus vulgaris",
    "descr": null,
    "descr_pl": null,
    "descr_en": null,
    "image": "images/Fasola_Zwykła_5A6fxxJ.jpg",
    "image_source": 34,
    "pubdate": "2021-03-05T08:32:52Z",
    "family": 10,
    "culture_override": 0,
    "cooldown_min_override": null,
    "cooldown_max_override": null,
    "is_demanding": false,
    "is_deep_roots": false,
    "is_leaves_mess": false,
    "takes_mix_level": 0,
    "seed_norm_min": null,
    "seed_norm_max": null,
    "crop_relationships": [],
    "tags": [
      20,
      18
    ]
  }
},
{
  "model": "rotator.crop",
  "pk": 56,
  "fields": {
    "name": "Groch",
    "name_pl": "Groch",
    "name_en": "Pea",
    "latin_name": "Pisum",
    "descr": null,
    "descr_pl": null,
    "descr_en": null,
    "image": "images/Groch_zwyczajny.jpg",
    "image_source": 15,
    "pubdate": "2021-03-05T08:50:11Z",
    "family": 10,
    "culture_override": 0,
    "cooldown_min_override": null,
    "cooldown_max_override": null,
    "is_demanding": false,
    "is_deep_roots": false,
    "is_leaves_mess": false,
    "takes_mix_level": 0,
    "seed_norm_min": null,
    "seed_norm_max": null,
    "crop_relationships": [
      108,
      99,
      62,
      111,
      115,
      103,
      105,
      116,
      104,
      100,
      107,
      110,
      106,
      112,
      101,
      21,
      98,
      117,
      113,
      114,
      109,
      102
    ],
    "tags": [
      20,
      18
    ]
  }
},
{
  "model": "rotator.crop",
  "pk": 57,
  "fields": {
    "name": "Wyka Bób",
    "name_pl": "Wyka Bób",
    "name_en": null,
    "latin_name": "Vicia faba",
    "descr": null,
    "descr_pl": null,
    "descr_en": null,
    "image": "",
    "image_source": null,
    "pubdate": "2021-03-03T14:56:38Z",
    "family": 10,
    "culture_override": 0,
    "cooldown_min_override": null,
    "cooldown_max_override": null,
    "is_demanding": false,
    "is_deep_roots": false,
    "is_leaves_mess": false,
    "takes_mix_level": 0,
    "seed_norm_min": null,
    "seed_norm_max": null,
    "crop_relationships": [
      25,
      290
    ],
    "tags": [
      20,
      18
    ]
  }
},
{
  "model": "rotator.crop",
  "pk": 58,
  "fields": {
    "name": "Karczoch",
    "name_pl": "Karczoch",
    "name_en": "Cynara",
    "latin_name": "Cynara",
    "descr": null,
    "descr_pl": null,
    "descr_en": null,
    "image": "",
    "image_source": 33,
    "pubdate": "2021-03-05T08:17:03Z",
    "family": 5,
    "culture_override": 0,
    "cooldown_min_override": null,
    "cooldown_max_override": null,
    "is_demanding": false,
    "is_deep_roots": false,
    "is_leaves_mess": false,
    "takes_mix_level": 0,
    "seed_norm_min": null,
    "seed_norm_max": null,
    "crop_relationships": [],
    "tags": [
      18
    ]
  }
},
{
  "model": "rotator.crop",
  "pk": 59,
  "fields": {
    "name": "Fasola Zwykła - Karłowa",
    "name_pl": "Fasola Zwykła - Karłowa",
    "name_en": "Common bean - dwarf",
    "latin_name": "Phaseolus vulgaris",
    "descr": null,
    "descr_pl": null,
    "descr_en": null,
    "image": "images/Fasola_Zwykła.jpg",
    "image_source": 34,
    "pubdate": "2021-03-05T08:31:40Z",
    "family": 4,
    "culture_override": 0,
    "cooldown_min_override": null,
    "cooldown_max_override": null,
    "is_demanding": false,
    "is_deep_roots": false,
    "is_leaves_mess": false,
    "takes_mix_level": 0,
    "seed_norm_min": null,
    "seed_norm_max": null,
    "crop_relationships": [
      81,
      86,
      91,
      73,
      72,
      78,
      77,
      90,
      89,
      85,
      80,
      84,
      79,
      87,
      74,
      88,
      75,
      71,
      76,
      70,
      82,
      83
    ],
    "tags": [
      18
    ]
  }
},
{
  "model": "rotator.crop",
  "pk": 60,
  "fields": {
    "name": "Kapusta Chińska",
    "name_pl": "Kapusta Chińska",
    "name_en": "Pak-choy",
    "latin_name": "Brassica rapa L. subsp. chinensis",
    "descr": null,
    "descr_pl": null,
    "descr_en": null,
    "image": "images/Kapusta_chińska.jpg",
    "image_source": 35,
    "pubdate": "2021-03-05T08:38:44Z",
    "family": 2,
    "culture_override": 0,
    "cooldown_min_override": null,
    "cooldown_max_override": null,
    "is_demanding": false,
    "is_deep_roots": false,
    "is_leaves_mess": false,
    "takes_mix_level": 0,
    "seed_norm_min": null,
    "seed_norm_max": null,
    "crop_relationships": [
      92,
      93
    ],
    "tags": [
      18
    ]
  }
},
{
  "model": "rotator.crop",
  "pk": 61,
  "fields": {
    "name": "Cykoria endywia",
    "name_pl": "Cykoria endywia",
    "name_en": "Endive",
    "latin_name": "Cichorium endivia",
    "descr": null,
    "descr_pl": null,
    "descr_en": null,
    "image": "images/cykoria2.jpg",
    "image_source": 15,
    "pubdate": "2021-03-05T08:45:21Z",
    "family": 5,
    "culture_override": 0,
    "cooldown_min_override": null,
    "cooldown_max_override": null,
    "is_demanding": false,
    "is_deep_roots": false,
    "is_leaves_mess": false,
    "takes_mix_level": 0,
    "seed_norm_min": null,
    "seed_norm_max": null,
    "crop_relationships": [
      97,
      94,
      95,
      96
    ],
    "tags": [
      18
    ]
  }
},
{
  "model": "rotator.crop",
  "pk": 62,
  "fields": {
    "name": "Roszpunka",
    "name_pl": "Roszpunka",
    "name_en": "corn salad",
    "latin_name": "Valerianella",
    "descr": null,
    "descr_pl": null,
    "descr_en": null,
    "image": "images/Roszpunka.jpg",
    "image_source": 15,
    "pubdate": "2021-03-05T08:56:24Z",
    "family": 21,
    "culture_override": 0,
    "cooldown_min_override": null,
    "cooldown_max_override": null,
    "is_demanding": false,
    "is_deep_roots": false,
    "is_leaves_mess": false,
    "takes_mix_level": 0,
    "seed_norm_min": null,
    "seed_norm_max": null,
    "crop_relationships": [
      123,
      125,
      124,
      118,
      120,
      119,
      121,
      122
    ],
    "tags": [
      18
    ]
  }
},
{
  "model": "rotator.crop",
  "pk": 63,
  "fields": {
    "name": "Ogórek",
    "name_pl": "Ogórek",
    "name_en": "Cucumber",
    "latin_name": "Cucumis sativus",
    "descr": null,
    "descr_pl": null,
    "descr_en": null,
    "image": "",
    "image_source": 37,
    "pubdate": "2021-03-05T08:58:54Z",
    "family": 18,
    "culture_override": 0,
    "cooldown_min_override": null,
    "cooldown_max_override": null,
    "is_demanding": false,
    "is_deep_roots": false,
    "is_leaves_mess": false,
    "takes_mix_level": 0,
    "seed_norm_min": null,
    "seed_norm_max": null,
    "crop_relationships": [
      126,
      138,
      144,
      127,
      141,
      131,
      128,
      133,
      132,
      143,
      135,
      142,
      136,
      134,
      139,
      129,
      140,
      137,
      130
    ],
    "tags": [
      18
    ]
  }
},
{
  "model": "rotator.crop",
  "pk": 64,
  "fields": {
    "name": "Szparag lekarski",
    "name_pl": "Szparag lekarski",
    "name_en": "Asparagus",
    "latin_name": "Asparagus officinalis",
    "descr": null,
    "descr_pl": null,
    "descr_en": null,
    "image": "images/Szparag_lekarski.jpg",
    "image_source": 15,
    "pubdate": "2021-03-08T08:35:20Z",
    "family": 22,
    "culture_override": 0,
    "cooldown_min_override": null,
    "cooldown_max_override": null,
    "is_demanding": false,
    "is_deep_roots": false,
    "is_leaves_mess": false,
    "takes_mix_level": 0,
    "seed_norm_min": null,
    "seed_norm_max": null,
    "crop_relationships": [
      289
    ],
    "tags": [
      18
    ]
  }
},
{
  "model": "rotator.crop",
  "pk": 65,
  "fields": {
    "name": "Fenkuł Włoski",
    "name_pl": "Fenkuł Włoski",
    "name_en": "Fennel",
    "latin_name": "Foeniculum vulgare",
    "descr": null,
    "descr_pl": null,
    "descr_en": null,
    "image": "images/Fenkuł_Włoski.jpg",
    "image_source": 17,
    "pubdate": "2021-03-10T15:25:51Z",
    "family": 14,
    "culture_override": 0,
    "cooldown_min_override": null,
    "cooldown_max_override": null,
    "is_demanding": false,
    "is_deep_roots": false,
    "is_leaves_mess": false,
    "takes_mix_level": 0,
    "seed_norm_min": null,
    "seed_norm_max": null,
    "crop_relationships": [
      162,
      169,
      163,
      165,
      164,
      168,
      167,
      161,
      166
    ],
    "tags": [
      18
    ]
  }
},
{
  "model": "rotator.crop",
  "pk": 66,
  "fields": {
    "name": "Kultywary Kapusty",
    "name_pl": "Kultywary Kapusty",
    "name_en": "Cabbage Cultivars",
    "latin_name": "Brassica oleracea",
    "descr": null,
    "descr_pl": null,
    "descr_en": null,
    "image": "images/Kapusty_Warzywne_2.jpg",
    "image_source": 39,
    "pubdate": "2021-03-10T15:36:44Z",
    "family": 2,
    "culture_override": 0,
    "cooldown_min_override": null,
    "cooldown_max_override": null,
    "is_demanding": false,
    "is_deep_roots": false,
    "is_leaves_mess": false,
    "takes_mix_level": 0,
    "seed_norm_min": null,
    "seed_norm_max": null,
    "crop_relationships": [
      179,
      182,
      172,
      185,
      170,
      173,
      177,
      180,
      175,
      186,
      181,
      174,
      178,
      183,
      184,
      187,
      171,
      176
    ],
    "tags": [
      18
    ]
  }
},
{
  "model": "rotator.crop",
  "pk": 67,
  "fields": {
    "name": "Kalarepa",
    "name_pl": "Kalarepa",
    "name_en": "Kohlrabi",
    "latin_name": null,
    "descr": null,
    "descr_pl": null,
    "descr_en": null,
    "image": "images/Kalarepa.jpg",
    "image_source": 40,
    "pubdate": "2021-03-10T15:47:57Z",
    "family": 2,
    "culture_override": 0,
    "cooldown_min_override": null,
    "cooldown_max_override": null,
    "is_demanding": false,
    "is_deep_roots": false,
    "is_leaves_mess": false,
    "takes_mix_level": 0,
    "seed_norm_min": null,
    "seed_norm_max": null,
    "crop_relationships": [
      197,
      203,
      209,
      189,
      188,
      207,
      193,
      190,
      198,
      192,
      200,
      208,
      202,
      191,
      201,
      196,
      205,
      194,
      206,
      199,
      204,
      195
    ],
    "tags": [
      18
    ]
  }
},
{
  "model": "rotator.crop",
  "pk": 68,
  "fields": {
    "name": "Sałata Siewna",
    "name_pl": "Sałata Siewna",
    "name_en": "Lettuce",
    "latin_name": "Lactuca sativa",
    "descr": null,
    "descr_pl": null,
    "descr_en": null,
    "image": "images/Sałata_Siewna.JPG",
    "image_source": 41,
    "pubdate": "2021-03-10T15:51:06Z",
    "family": 5,
    "culture_override": 0,
    "cooldown_min_override": null,
    "cooldown_max_override": null,
    "is_demanding": false,
    "is_deep_roots": false,
    "is_leaves_mess": false,
    "takes_mix_level": 0,
    "seed_norm_min": null,
    "seed_norm_max": null,
    "crop_relationships": [
      222,
      229,
      236,
      234,
      233,
      211,
      231,
      218,
      213,
      220,
      212,
      219,
      210,
      235,
      223,
      216,
      225,
      232,
      226,
      228,
      221,
      227,
      217,
      224,
      230
    ],
    "tags": [
      18
    ]
  }
},
{
  "model": "rotator.crop",
  "pk": 69,
  "fields": {
    "name": "Rzepa",
    "name_pl": "Rzepa",
    "name_en": "Turnip",
    "latin_name": "Brassica rapa subsp. rapa",
    "descr": null,
    "descr_pl": null,
    "descr_en": null,
    "image": "images/Rzepa.jpg",
    "image_source": 42,
    "pubdate": "2021-03-10T16:05:49Z",
    "family": 2,
    "culture_override": 0,
    "cooldown_min_override": null,
    "cooldown_max_override": null,
    "is_demanding": false,
    "is_deep_roots": false,
    "is_leaves_mess": false,
    "takes_mix_level": 0,
    "seed_norm_min": null,
    "seed_norm_max": null,
    "crop_relationships": [],
    "tags": [
      18
    ]
  }
},
{
  "model": "rotator.crop",
  "pk": 70,
  "fields": {
    "name": "Burak Liściowy",
    "name_pl": "Burak Liściowy",
    "name_en": "Chard",
    "latin_name": "Beta vulgaris L. subsp. vulgaris",
    "descr": null,
    "descr_pl": null,
    "descr_en": null,
    "image": "images/Burak_Liściowy.jpg",
    "image_source": 43,
    "pubdate": "2021-03-10T16:16:05Z",
    "family": 8,
    "culture_override": 0,
    "cooldown_min_override": null,
    "cooldown_max_override": null,
    "is_demanding": false,
    "is_deep_roots": false,
    "is_leaves_mess": false,
    "takes_mix_level": 0,
    "seed_norm_min": null,
    "seed_norm_max": null,
    "crop_relationships": [],
    "tags": [
      18
    ]
  }
},
{
  "model": "rotator.crop",
  "pk": 71,
  "fields": {
    "name": "Trętwian czterorożny",
    "name_pl": "Trętwian czterorożny",
    "name_en": "New Zealand spinach",
    "latin_name": "Tetragonia tetragonioides",
    "descr": null,
    "descr_pl": null,
    "descr_en": null,
    "image": "images/trętwian_czterorożny.jpg",
    "image_source": 64,
    "pubdate": "2021-03-15T15:30:02Z",
    "family": 27,
    "culture_override": 0,
    "cooldown_min_override": null,
    "cooldown_max_override": null,
    "is_demanding": false,
    "is_deep_roots": false,
    "is_leaves_mess": false,
    "takes_mix_level": 0,
    "seed_norm_min": null,
    "seed_norm_max": null,
    "crop_relationships": [
      265
    ],
    "tags": [
      18
    ]
  }
},
{
  "model": "rotator.crop",
  "pk": 72,
  "fields": {
    "name": "Papryka Roczna",
    "name_pl": "Papryka Roczna",
    "name_en": "Pepper",
    "latin_name": "Capsicum annuum",
    "descr": null,
    "descr_pl": null,
    "descr_en": null,
    "image": "images/Papryka_roczna.jpg",
    "image_source": 17,
    "pubdate": "2021-03-12T11:14:54Z",
    "family": 9,
    "culture_override": 0,
    "cooldown_min_override": null,
    "cooldown_max_override": null,
    "is_demanding": false,
    "is_deep_roots": false,
    "is_leaves_mess": false,
    "takes_mix_level": 0,
    "seed_norm_min": null,
    "seed_norm_max": null,
    "crop_relationships": [
      266,
      267
    ],
    "tags": [
      18
    ]
  }
},
{
  "model": "rotator.crop",
  "pk": 73,
  "fields": {
    "name": "Pasternak",
    "name_pl": "Pasternak",
    "name_en": "Parsnip",
    "latin_name": "Pastinaca sativa",
    "descr": null,
    "descr_pl": null,
    "descr_en": null,
    "image": "images/Pasternak.jpg",
    "image_source": 31,
    "pubdate": "2021-03-12T11:30:35Z",
    "family": 14,
    "culture_override": 0,
    "cooldown_min_override": null,
    "cooldown_max_override": null,
    "is_demanding": false,
    "is_deep_roots": false,
    "is_leaves_mess": false,
    "takes_mix_level": 0,
    "seed_norm_min": null,
    "seed_norm_max": null,
    "crop_relationships": [
      271,
      274,
      269,
      270,
      272,
      273,
      268
    ],
    "tags": [
      18
    ]
  }
},
{
  "model": "rotator.crop",
  "pk": 74,
  "fields": {
    "name": "Por",
    "name_pl": "Por",
    "name_en": "Leek",
    "latin_name": "Allium ampeloprasum",
    "descr": null,
    "descr_pl": null,
    "descr_en": null,
    "image": "images/Por.JPG",
    "image_source": 45,
    "pubdate": "2021-03-12T11:32:14Z",
    "family": 23,
    "culture_override": 0,
    "cooldown_min_override": null,
    "cooldown_max_override": null,
    "is_demanding": false,
    "is_deep_roots": false,
    "is_leaves_mess": false,
    "takes_mix_level": 0,
    "seed_norm_min": null,
    "seed_norm_max": null,
    "crop_relationships": [
      277,
      280,
      288,
      279,
      282,
      281,
      285,
      284,
      286,
      283,
      287,
      275,
      278,
      276
    ],
    "tags": [
      18
    ]
  }
},
{
  "model": "rotator.crop",
  "pk": 75,
  "fields": {
    "name": "Rzodkiewka",
    "name_pl": "Rzodkiewka",
    "name_en": "Radish",
    "latin_name": "Raphanus sativus var. sativus",
    "descr": null,
    "descr_pl": null,
    "descr_en": null,
    "image": "images/Rzodkiewka.jpg",
    "image_source": 46,
    "pubdate": "2021-03-12T11:37:11Z",
    "family": 2,
    "culture_override": 0,
    "cooldown_min_override": null,
    "cooldown_max_override": null,
    "is_demanding": false,
    "is_deep_roots": false,
    "is_leaves_mess": false,
    "takes_mix_level": 0,
    "seed_norm_min": null,
    "seed_norm_max": null,
    "crop_relationships": [
      301,
      306,
      293,
      291,
      308,
      294,
      299,
      298,
      302,
      304,
      309,
      305,
      295,
      300,
      297,
      307,
      303,
      292,
      296
    ],
    "tags": [
      18
    ]
  }
},
{
  "model": "rotator.crop",
  "pk": 76,
  "fields": {
    "name": "Rabarbar",
    "name_pl": "Rabarbar",
    "name_en": "Rhubarb",
    "latin_name": "Rheum rhabarbarum",
    "descr": null,
    "descr_pl": null,
    "descr_en": null,
    "image": "images/Rabarbar2.jpg",
    "image_source": 47,
    "pubdate": "2021-03-12T11:41:55Z",
    "family": 13,
    "culture_override": 0,
    "cooldown_min_override": null,
    "cooldown_max_override": null,
    "is_demanding": false,
    "is_deep_roots": false,
    "is_leaves_mess": false,
    "takes_mix_level": 0,
    "seed_norm_min": null,
    "seed_norm_max": null,
    "crop_relationships": [
      310,
      311,
      313,
      312,
      314,
      315
    ],
    "tags": [
      18
    ]
  }
},
{
  "model": "rotator.crop",
  "pk": 77,
  "fields": {
    "name": "Burak Ćwikłowy",
    "name_pl": "Burak Ćwikłowy",
    "name_en": "Beetroot",
    "latin_name": "Beta vulgaris L. subsp. vulgaris",
    "descr": null,
    "descr_pl": null,
    "descr_en": null,
    "image": "images/Burak_Ćwikłowy.jpg",
    "image_source": 48,
    "pubdate": "2021-03-12T12:02:03Z",
    "family": 8,
    "culture_override": 0,
    "cooldown_min_override": null,
    "cooldown_max_override": null,
    "is_demanding": false,
    "is_deep_roots": true,
    "is_leaves_mess": false,
    "takes_mix_level": 0,
    "seed_norm_min": null,
    "seed_norm_max": null,
    "crop_relationships": [
      327,
      317,
      321,
      320,
      316,
      318,
      323,
      322,
      329,
      328,
      326,
      324,
      325,
      319
    ],
    "tags": [
      18
    ]
  }
},
{
  "model": "rotator.crop",
  "pk": 78,
  "fields": {
    "name": "Wężymord czarny korzeń",
    "name_pl": "Wężymord czarny korzeń",
    "name_en": "Spanish salsify",
    "latin_name": "Scorzonera hispanica",
    "descr": null,
    "descr_pl": null,
    "descr_en": null,
    "image": "images/Wężymord_czarny_korzeń.JPG",
    "image_source": 49,
    "pubdate": "2021-03-12T12:13:02Z",
    "family": 5,
    "culture_override": 0,
    "cooldown_min_override": null,
    "cooldown_max_override": null,
    "is_demanding": false,
    "is_deep_roots": false,
    "is_leaves_mess": false,
    "takes_mix_level": 0,
    "seed_norm_min": null,
    "seed_norm_max": null,
    "crop_relationships": [],
    "tags": [
      18
    ]
  }
},
{
  "model": "rotator.crop",
  "pk": 79,
  "fields": {
    "name": "Seler zwyczajny",
    "name_pl": "Seler zwyczajny",
    "name_en": "Celeriac",
    "latin_name": "Apium graveolens",
    "descr": null,
    "descr_pl": null,
    "descr_en": null,
    "image": "images/Seler_Zwyczajny.jpg",
    "image_source": 15,
    "pubdate": "2021-03-12T14:33:04Z",
    "family": 14,
    "culture_override": 0,
    "cooldown_min_override": null,
    "cooldown_max_override": null,
    "is_demanding": false,
    "is_deep_roots": true,
    "is_leaves_mess": false,
    "takes_mix_level": 0,
    "seed_norm_min": null,
    "seed_norm_max": null,
    "crop_relationships": [],
    "tags": [
      18
    ]
  }
},
{
  "model": "rotator.crop",
  "pk": 80,
  "fields": {
    "name": "Szpinak warzywny",
    "name_pl": "Szpinak warzywny",
    "name_en": "Spinach",
    "latin_name": "Spinacia oleracea",
    "descr": null,
    "descr_pl": null,
    "descr_en": null,
    "image": "images/Szpinak_Warzywny.jpg",
    "image_source": 15,
    "pubdate": "2021-03-12T14:40:18Z",
    "family": 8,
    "culture_override": 0,
    "cooldown_min_override": null,
    "cooldown_max_override": null,
    "is_demanding": false,
    "is_deep_roots": false,
    "is_leaves_mess": false,
    "takes_mix_level": 0,
    "seed_norm_min": null,
    "seed_norm_max": null,
    "crop_relationships": [],
    "tags": [
      18
    ]
  }
},
{
  "model": "rotator.crop",
  "pk": 81,
  "fields": {
    "name": "Pomidor zwyczajny",
    "name_pl": "Pomidor zwyczajny",
    "name_en": "Tomato",
    "latin_name": "Solanum lycopersicum",
    "descr": null,
    "descr_pl": null,
    "descr_en": null,
    "image": "images/Pomidor.jpg",
    "image_source": 50,
    "pubdate": "2021-03-12T14:51:53Z",
    "family": 9,
    "culture_override": 0,
    "cooldown_min_override": null,
    "cooldown_max_override": null,
    "is_demanding": false,
    "is_deep_roots": false,
    "is_leaves_mess": false,
    "takes_mix_level": 0,
    "seed_norm_min": null,
    "seed_norm_max": null,
    "crop_relationships": [],
    "tags": [
      18
    ]
  }
},
{
  "model": "rotator.crop",
  "pk": 82,
  "fields": {
    "name": "Cykoria sałatowa",
    "name_pl": "Cykoria sałatowa",
    "name_en": "Radicchio",
    "latin_name": "Cichorium intybus L. var. foliosum Hegi",
    "descr": null,
    "descr_pl": null,
    "descr_en": null,
    "image": "images/Cykoria_sałatowa.jpg",
    "image_source": 51,
    "pubdate": "2021-03-12T14:54:02Z",
    "family": 5,
    "culture_override": 0,
    "cooldown_min_override": null,
    "cooldown_max_override": null,
    "is_demanding": false,
    "is_deep_roots": false,
    "is_leaves_mess": false,
    "takes_mix_level": 0,
    "seed_norm_min": null,
    "seed_norm_max": null,
    "crop_relationships": [],
    "tags": [
      18
    ]
  }
},
{
  "model": "rotator.crop",
  "pk": 83,
  "fields": {
    "name": "Cukinia",
    "name_pl": "Cukinia",
    "name_en": "Zucchini",
    "latin_name": "Cucurbita pepo convar. giromontiina",
    "descr": null,
    "descr_pl": null,
    "descr_en": null,
    "image": "images/Cukinia.jpg",
    "image_source": 52,
    "pubdate": "2021-03-12T14:58:21Z",
    "family": 18,
    "culture_override": 0,
    "cooldown_min_override": null,
    "cooldown_max_override": null,
    "is_demanding": false,
    "is_deep_roots": true,
    "is_leaves_mess": false,
    "takes_mix_level": 0,
    "seed_norm_min": null,
    "seed_norm_max": null,
    "crop_relationships": [],
    "tags": [
      18
    ]
  }
},
{
  "model": "rotator.crop",
  "pk": 84,
  "fields": {
    "name": "Cebula zwyczajna",
    "name_pl": "Cebula zwyczajna",
    "name_en": "Onion",
    "latin_name": "Allium cepa",
    "descr": null,
    "descr_pl": null,
    "descr_en": null,
    "image": "images/Cebula_Zwyczajna.jpg",
    "image_source": 53,
    "pubdate": "2021-03-12T15:11:53Z",
    "family": 23,
    "culture_override": 0,
    "cooldown_min_override": null,
    "cooldown_max_override": null,
    "is_demanding": false,
    "is_deep_roots": false,
    "is_leaves_mess": false,
    "takes_mix_level": 0,
    "seed_norm_min": null,
    "seed_norm_max": null,
    "crop_relationships": [],
    "tags": [
      18
    ]
  }
},
{
  "model": "rotator.crop",
  "pk": 85,
  "fields": {
    "name": "Bazylia",
    "name_pl": "Bazylia",
    "name_en": "Ocimum",
    "latin_name": "Ocimum",
    "descr": null,
    "descr_pl": null,
    "descr_en": null,
    "image": "images/Bazylia.jpg",
    "image_source": 54,
    "pubdate": "2021-03-12T15:27:03Z",
    "family": 24,
    "culture_override": 0,
    "cooldown_min_override": null,
    "cooldown_max_override": null,
    "is_demanding": false,
    "is_deep_roots": false,
    "is_leaves_mess": false,
    "takes_mix_level": 0,
    "seed_norm_min": null,
    "seed_norm_max": null,
    "crop_relationships": [],
    "tags": [
      24
    ]
  }
},
{
  "model": "rotator.crop",
  "pk": 86,
  "fields": {
    "name": "Koper Ogrodowy",
    "name_pl": "Koper Ogrodowy",
    "name_en": "Dill",
    "latin_name": "Anethum graveolens",
    "descr": null,
    "descr_pl": null,
    "descr_en": null,
    "image": "images/Koper_Ogrodowy.jpg",
    "image_source": 15,
    "pubdate": "2021-03-14T13:32:58Z",
    "family": 14,
    "culture_override": 0,
    "cooldown_min_override": null,
    "cooldown_max_override": null,
    "is_demanding": false,
    "is_deep_roots": false,
    "is_leaves_mess": false,
    "takes_mix_level": 0,
    "seed_norm_min": null,
    "seed_norm_max": null,
    "crop_relationships": [],
    "tags": [
      24
    ]
  }
},
{
  "model": "rotator.crop",
  "pk": 87,
  "fields": {
    "name": "Bylica pospolita",
    "name_pl": "Bylica pospolita",
    "name_en": "common mugwort",
    "latin_name": "Artemisia vulgaris",
    "descr": null,
    "descr_pl": null,
    "descr_en": null,
    "image": "images/Bylica_Pospolita.jpg",
    "image_source": 17,
    "pubdate": "2021-03-14T13:34:47Z",
    "family": 5,
    "culture_override": 0,
    "cooldown_min_override": null,
    "cooldown_max_override": null,
    "is_demanding": false,
    "is_deep_roots": false,
    "is_leaves_mess": false,
    "takes_mix_level": 0,
    "seed_norm_min": null,
    "seed_norm_max": null,
    "crop_relationships": [],
    "tags": [
      24
    ]
  }
},
{
  "model": "rotator.crop",
  "pk": 88,
  "fields": {
    "name": "Cząber ogrodowy",
    "name_pl": "Cząber ogrodowy",
    "name_en": "Summer savory",
    "latin_name": "Satureja hortensis",
    "descr": null,
    "descr_pl": null,
    "descr_en": null,
    "image": "images/Cząber.jpg",
    "image_source": 31,
    "pubdate": "2021-03-14T13:37:05Z",
    "family": 24,
    "culture_override": 0,
    "cooldown_min_override": null,
    "cooldown_max_override": null,
    "is_demanding": false,
    "is_deep_roots": false,
    "is_leaves_mess": false,
    "takes_mix_level": 0,
    "seed_norm_min": null,
    "seed_norm_max": null,
    "crop_relationships": [],
    "tags": [
      24
    ]
  }
},
{
  "model": "rotator.crop",
  "pk": 89,
  "fields": {
    "name": "Ogórecznik lekarski",
    "name_pl": "Ogórecznik lekarski",
    "name_en": "Borage",
    "latin_name": "Borago officinalis",
    "descr": null,
    "descr_pl": null,
    "descr_en": null,
    "image": "images/Ogórecznik_lekarski.jpg",
    "image_source": 15,
    "pubdate": "2021-03-14T13:49:24Z",
    "family": 6,
    "culture_override": 0,
    "cooldown_min_override": null,
    "cooldown_max_override": null,
    "is_demanding": false,
    "is_deep_roots": false,
    "is_leaves_mess": false,
    "takes_mix_level": 0,
    "seed_norm_min": null,
    "seed_norm_max": null,
    "crop_relationships": [],
    "tags": [
      24
    ]
  }
},
{
  "model": "rotator.crop",
  "pk": 90,
  "fields": {
    "name": "Bylica draganek",
    "name_pl": "Bylica draganek",
    "name_en": "Tarragon",
    "latin_name": "Artemisia dracunculus",
    "descr": null,
    "descr_pl": null,
    "descr_en": null,
    "image": "images/Bylica_draganek.jpg",
    "image_source": 55,
    "pubdate": "2021-03-14T13:56:01Z",
    "family": 5,
    "culture_override": 0,
    "cooldown_min_override": null,
    "cooldown_max_override": null,
    "is_demanding": false,
    "is_deep_roots": false,
    "is_leaves_mess": false,
    "takes_mix_level": 0,
    "seed_norm_min": null,
    "seed_norm_max": null,
    "crop_relationships": [],
    "tags": [
      24
    ]
  }
},
{
  "model": "rotator.crop",
  "pk": 91,
  "fields": {
    "name": "Rumianek pospolity",
    "name_pl": "Rumianek pospolity",
    "name_en": "Chamomile",
    "latin_name": "Matricaria chamomilla",
    "descr": null,
    "descr_pl": null,
    "descr_en": null,
    "image": "images/Rumianek.jpg",
    "image_source": 17,
    "pubdate": "2021-03-14T14:03:22Z",
    "family": 5,
    "culture_override": 0,
    "cooldown_min_override": null,
    "cooldown_max_override": null,
    "is_demanding": false,
    "is_deep_roots": false,
    "is_leaves_mess": false,
    "takes_mix_level": 0,
    "seed_norm_min": null,
    "seed_norm_max": null,
    "crop_relationships": [],
    "tags": [
      24
    ]
  }
},
{
  "model": "rotator.crop",
  "pk": 92,
  "fields": {
    "name": "Nasturcja większa",
    "name_pl": "Nasturcja większa",
    "name_en": "Garden nasturtium",
    "latin_name": "Tropaeolum majus",
    "descr": null,
    "descr_pl": null,
    "descr_en": null,
    "image": "images/Nasturcja_większa.jpg",
    "image_source": 56,
    "pubdate": "2021-03-14T14:08:09Z",
    "family": 25,
    "culture_override": 0,
    "cooldown_min_override": null,
    "cooldown_max_override": null,
    "is_demanding": false,
    "is_deep_roots": false,
    "is_leaves_mess": false,
    "takes_mix_level": 0,
    "seed_norm_min": null,
    "seed_norm_max": null,
    "crop_relationships": [],
    "tags": [
      24
    ]
  }
},
{
  "model": "rotator.crop",
  "pk": 93,
  "fields": {
    "name": "Trybuła ogrodowa",
    "name_pl": "Trybuła ogrodowa",
    "name_en": "Chervil",
    "latin_name": "Anthriscus cerefolium",
    "descr": null,
    "descr_pl": null,
    "descr_en": null,
    "image": "images/Trybuła_ogrodowa.jpg",
    "image_source": 15,
    "pubdate": "2021-03-14T14:16:27Z",
    "family": 14,
    "culture_override": 0,
    "cooldown_min_override": null,
    "cooldown_max_override": null,
    "is_demanding": false,
    "is_deep_roots": false,
    "is_leaves_mess": false,
    "takes_mix_level": 0,
    "seed_norm_min": null,
    "seed_norm_max": null,
    "crop_relationships": [],
    "tags": [
      24
    ]
  }
},
{
  "model": "rotator.crop",
  "pk": 94,
  "fields": {
    "name": "Czosnek pospolity",
    "name_pl": "Czosnek pospolity",
    "name_en": "Garlic",
    "latin_name": "Allium sativum",
    "descr": null,
    "descr_pl": null,
    "descr_en": null,
    "image": "images/Czosnek_pospolity.jpg",
    "image_source": 57,
    "pubdate": "2021-03-14T14:20:45Z",
    "family": 23,
    "culture_override": 0,
    "cooldown_min_override": null,
    "cooldown_max_override": null,
    "is_demanding": false,
    "is_deep_roots": false,
    "is_leaves_mess": false,
    "takes_mix_level": 0,
    "seed_norm_min": null,
    "seed_norm_max": null,
    "crop_relationships": [],
    "tags": [
      24
    ]
  }
},
{
  "model": "rotator.crop",
  "pk": 95,
  "fields": {
    "name": "Kolendra",
    "name_pl": "Kolendra",
    "name_en": "coriander",
    "latin_name": "Coriandrum",
    "descr": null,
    "descr_pl": null,
    "descr_en": null,
    "image": "images/Kolendra.jpg",
    "image_source": 17,
    "pubdate": "2021-03-14T14:21:44Z",
    "family": 14,
    "culture_override": 0,
    "cooldown_min_override": null,
    "cooldown_max_override": null,
    "is_demanding": false,
    "is_deep_roots": false,
    "is_leaves_mess": false,
    "takes_mix_level": 0,
    "seed_norm_min": null,
    "seed_norm_max": null,
    "crop_relationships": [],
    "tags": [
      24
    ]
  }
},
{
  "model": "rotator.crop",
  "pk": 96,
  "fields": {
    "name": "Rzeżucha",
    "name_pl": "Rzeżucha",
    "name_en": "Cardamine",
    "latin_name": "Cardamine",
    "descr": null,
    "descr_pl": null,
    "descr_en": null,
    "image": "images/Rzeżucha.jpg",
    "image_source": 58,
    "pubdate": "2021-03-14T14:25:11Z",
    "family": 2,
    "culture_override": 0,
    "cooldown_min_override": null,
    "cooldown_max_override": null,
    "is_demanding": false,
    "is_deep_roots": false,
    "is_leaves_mess": false,
    "takes_mix_level": 0,
    "seed_norm_min": null,
    "seed_norm_max": null,
    "crop_relationships": [],
    "tags": [
      24
    ]
  }
},
{
  "model": "rotator.crop",
  "pk": 97,
  "fields": {
    "name": "Kminek zwyczajny",
    "name_pl": "Kminek zwyczajny",
    "name_en": "Caraway",
    "latin_name": "Carum carvi",
    "descr": null,
    "descr_pl": null,
    "descr_en": null,
    "image": "images/Kminek.jpg",
    "image_source": 17,
    "pubdate": "2021-03-14T14:27:30Z",
    "family": 14,
    "culture_override": 0,
    "cooldown_min_override": null,
    "cooldown_max_override": null,
    "is_demanding": false,
    "is_deep_roots": false,
    "is_leaves_mess": false,
    "takes_mix_level": 0,
    "seed_norm_min": null,
    "seed_norm_max": null,
    "crop_relationships": [],
    "tags": [
      24
    ]
  }
},
{
  "model": "rotator.crop",
  "pk": 98,
  "fields": {
    "name": "Lebiodka majeranek",
    "name_pl": "Lebiodka majeranek",
    "name_en": "Marjoram",
    "latin_name": "Origanum majorana",
    "descr": null,
    "descr_pl": null,
    "descr_en": null,
    "image": "",
    "image_source": 59,
    "pubdate": "2021-03-14T14:30:43Z",
    "family": 24,
    "culture_override": 0,
    "cooldown_min_override": null,
    "cooldown_max_override": null,
    "is_demanding": false,
    "is_deep_roots": false,
    "is_leaves_mess": false,
    "takes_mix_level": 0,
    "seed_norm_min": null,
    "seed_norm_max": null,
    "crop_relationships": [],
    "tags": [
      24
    ]
  }
},
{
  "model": "rotator.crop",
  "pk": 99,
  "fields": {
    "name": "Chrzan pospolity",
    "name_pl": "Chrzan pospolity",
    "name_en": "Horseradish",
    "latin_name": "Armoracia rusticana",
    "descr": null,
    "descr_pl": null,
    "descr_en": null,
    "image": "images/Chrzan_pospolity.jpg",
    "image_source": 16,
    "pubdate": "2021-03-14T15:20:05Z",
    "family": 2,
    "culture_override": 0,
    "cooldown_min_override": null,
    "cooldown_max_override": null,
    "is_demanding": false,
    "is_deep_roots": false,
    "is_leaves_mess": false,
    "takes_mix_level": 0,
    "seed_norm_min": null,
    "seed_norm_max": null,
    "crop_relationships": [],
    "tags": [
      24
    ]
  }
},
{
  "model": "rotator.crop",
  "pk": 100,
  "fields": {
    "name": "Pietruszka zwyczajna",
    "name_pl": "Pietruszka zwyczajna",
    "name_en": "Parsley",
    "latin_name": "Petroselinum crispum",
    "descr": null,
    "descr_pl": null,
    "descr_en": null,
    "image": "images/Pietruszka_Zwyczajna.jpg",
    "image_source": 17,
    "pubdate": "2021-03-14T15:22:48Z",
    "family": 14,
    "culture_override": 0,
    "cooldown_min_override": null,
    "cooldown_max_override": null,
    "is_demanding": false,
    "is_deep_roots": false,
    "is_leaves_mess": false,
    "takes_mix_level": 0,
    "seed_norm_min": null,
    "seed_norm_max": null,
    "crop_relationships": [],
    "tags": [
      24
    ]
  }
},
{
  "model": "rotator.crop",
  "pk": 101,
  "fields": {
    "name": "Mięta pieprzowa",
    "name_pl": "Mięta pieprzowa",
    "name_en": "Peppermint",
    "latin_name": "Mentha × piperita",
    "descr": null,
    "descr_pl": null,
    "descr_en": null,
    "image": "images/Mięta_pieprzowa.jpg",
    "image_source": 17,
    "pubdate": "2021-03-14T15:24:53Z",
    "family": 24,
    "culture_override": 0,
    "cooldown_min_override": null,
    "cooldown_max_override": null,
    "is_demanding": false,
    "is_deep_roots": false,
    "is_leaves_mess": false,
    "takes_mix_level": 0,
    "seed_norm_min": null,
    "seed_norm_max": null,
    "crop_relationships": [],
    "tags": [
      24
    ]
  }
},
{
  "model": "rotator.crop",
  "pk": 102,
  "fields": {
    "name": "Portulaka pospolita",
    "name_pl": "Portulaka pospolita",
    "name_en": "Duckweed",
    "latin_name": "Portulaca oleracea",
    "descr": null,
    "descr_pl": null,
    "descr_en": null,
    "image": "images/Portulaka_warzywna.jpg",
    "image_source": 15,
    "pubdate": "2021-03-14T15:28:14Z",
    "family": 26,
    "culture_override": 0,
    "cooldown_min_override": null,
    "cooldown_max_override": null,
    "is_demanding": false,
    "is_deep_roots": false,
    "is_leaves_mess": false,
    "takes_mix_level": 0,
    "seed_norm_min": null,
    "seed_norm_max": null,
    "crop_relationships": [],
    "tags": [
      24
    ]
  }
},
{
  "model": "rotator.crop",
  "pk": 103,
  "fields": {
    "name": "Rozmaryn lekarski",
    "name_pl": "Rozmaryn lekarski",
    "name_en": "Rosemary",
    "latin_name": "Rosmarinus officinalis",
    "descr": null,
    "descr_pl": null,
    "descr_en": null,
    "image": "images/Rozmaryn.jpg",
    "image_source": 17,
    "pubdate": "2021-03-14T15:30:50Z",
    "family": 24,
    "culture_override": 0,
    "cooldown_min_override": null,
    "cooldown_max_override": null,
    "is_demanding": false,
    "is_deep_roots": false,
    "is_leaves_mess": false,
    "takes_mix_level": 0,
    "seed_norm_min": null,
    "seed_norm_max": null,
    "crop_relationships": [],
    "tags": [
      24
    ]
  }
},
{
  "model": "rotator.crop",
  "pk": 104,
  "fields": {
    "name": "Szałwia",
    "name_pl": "Szałwia",
    "name_en": "Salvia",
    "latin_name": "Salvia",
    "descr": null,
    "descr_pl": null,
    "descr_en": null,
    "image": "images/Szałwia.jpg",
    "image_source": 60,
    "pubdate": "2021-03-14T15:32:44Z",
    "family": 24,
    "culture_override": 0,
    "cooldown_min_override": null,
    "cooldown_max_override": null,
    "is_demanding": false,
    "is_deep_roots": false,
    "is_leaves_mess": false,
    "takes_mix_level": 0,
    "seed_norm_min": null,
    "seed_norm_max": null,
    "crop_relationships": [],
    "tags": [
      24
    ]
  }
},
{
  "model": "rotator.crop",
  "pk": 105,
  "fields": {
    "name": "Czosnek szczypiorek",
    "name_pl": "Czosnek szczypiorek",
    "name_en": "Chives",
    "latin_name": "Allium schoenoprasum",
    "descr": null,
    "descr_pl": null,
    "descr_en": null,
    "image": "images/Szczypiorek.jpg",
    "image_source": 14,
    "pubdate": "2021-03-14T15:35:16Z",
    "family": 23,
    "culture_override": 0,
    "cooldown_min_override": null,
    "cooldown_max_override": null,
    "is_demanding": false,
    "is_deep_roots": false,
    "is_leaves_mess": false,
    "takes_mix_level": 0,
    "seed_norm_min": null,
    "seed_norm_max": null,
    "crop_relationships": [],
    "tags": [
      24
    ]
  }
},
{
  "model": "rotator.crop",
  "pk": 106,
  "fields": {
    "name": "Macierzanka tymianek",
    "name_pl": "Macierzanka tymianek",
    "name_en": "Common thyme",
    "latin_name": "Thymus vulgaris",
    "descr": null,
    "descr_pl": null,
    "descr_en": null,
    "image": "images/Macierzanka_tymianek.jpg",
    "image_source": 17,
    "pubdate": "2021-03-14T15:39:56Z",
    "family": 24,
    "culture_override": 0,
    "cooldown_min_override": null,
    "cooldown_max_override": null,
    "is_demanding": false,
    "is_deep_roots": false,
    "is_leaves_mess": false,
    "takes_mix_level": 0,
    "seed_norm_min": null,
    "seed_norm_max": null,
    "crop_relationships": [],
    "tags": [
      24
    ]
  }
},
{
  "model": "rotator.crop",
  "pk": 107,
  "fields": {
    "name": "Bylica piołun",
    "name_pl": "Bylica piołun",
    "name_en": "Wormwood",
    "latin_name": "Artemisia absinthium",
    "descr": null,
    "descr_pl": null,
    "descr_en": null,
    "image": "images/Bylica_piołun.jpg",
    "image_source": 17,
    "pubdate": "2021-03-14T15:41:20Z",
    "family": 5,
    "culture_override": 0,
    "cooldown_min_override": null,
    "cooldown_max_override": null,
    "is_demanding": false,
    "is_deep_roots": false,
    "is_leaves_mess": false,
    "takes_mix_level": 0,
    "seed_norm_min": null,
    "seed_norm_max": null,
    "crop_relationships": [],
    "tags": [
      24
    ]
  }
},
{
  "model": "rotator.crop",
  "pk": 108,
  "fields": {
    "name": "Melisa lekarska",
    "name_pl": "Melisa lekarska",
    "name_en": "Lemon balm",
    "latin_name": "Melissa officinalis",
    "descr": null,
    "descr_pl": null,
    "descr_en": null,
    "image": "images/Melisa_lekarska.jpg",
    "image_source": 17,
    "pubdate": "2021-03-14T15:42:39Z",
    "family": 24,
    "culture_override": 0,
    "cooldown_min_override": null,
    "cooldown_max_override": null,
    "is_demanding": false,
    "is_deep_roots": false,
    "is_leaves_mess": false,
    "takes_mix_level": 0,
    "seed_norm_min": null,
    "seed_norm_max": null,
    "crop_relationships": [],
    "tags": [
      24
    ]
  }
},
{
  "model": "rotator.crop",
  "pk": 109,
  "fields": {
    "name": "Truskawka",
    "name_pl": "Truskawka",
    "name_en": "Strawberry",
    "latin_name": "Fragaria × ananassa",
    "descr": null,
    "descr_pl": null,
    "descr_en": null,
    "image": "images/Truskawka.jpg",
    "image_source": 61,
    "pubdate": "2021-03-14T15:44:04Z",
    "family": 20,
    "culture_override": 0,
    "cooldown_min_override": null,
    "cooldown_max_override": null,
    "is_demanding": false,
    "is_deep_roots": false,
    "is_leaves_mess": false,
    "takes_mix_level": 0,
    "seed_norm_min": null,
    "seed_norm_max": null,
    "crop_relationships": [],
    "tags": [
      18
    ]
  }
},
{
  "model": "rotator.crop",
  "pk": 110,
  "fields": {
    "name": "Malina właściwa",
    "name_pl": "Malina właściwa",
    "name_en": "Raspberry",
    "latin_name": "Rubus idaeus",
    "descr": null,
    "descr_pl": null,
    "descr_en": null,
    "image": "images/Malina_właściwa.jpg",
    "image_source": 17,
    "pubdate": "2021-03-14T15:51:11Z",
    "family": 20,
    "culture_override": 0,
    "cooldown_min_override": null,
    "cooldown_max_override": null,
    "is_demanding": false,
    "is_deep_roots": false,
    "is_leaves_mess": false,
    "takes_mix_level": 0,
    "seed_norm_min": null,
    "seed_norm_max": null,
    "crop_relationships": [],
    "tags": []
  }
},
{
  "model": "rotator.crop",
  "pk": 111,
  "fields": {
    "name": "Nagietek lekarski",
    "name_pl": "Nagietek lekarski",
    "name_en": "Pot marigold",
    "latin_name": "Calendula officinalis",
    "descr": null,
    "descr_pl": null,
    "descr_en": null,
    "image": "images/NAgietek_lekarski.jpg",
    "image_source": 17,
    "pubdate": "2021-03-14T15:53:25Z",
    "family": 5,
    "culture_override": 0,
    "cooldown_min_override": null,
    "cooldown_max_override": null,
    "is_demanding": false,
    "is_deep_roots": false,
    "is_leaves_mess": false,
    "takes_mix_level": 0,
    "seed_norm_min": null,
    "seed_norm_max": null,
    "crop_relationships": [],
    "tags": [
      24
    ]
  }
},
{
  "model": "rotator.crop",
  "pk": 112,
  "fields": {
    "name": "Aksamitka",
    "name_pl": "Aksamitka",
    "name_en": "Tagetes",
    "latin_name": "Tagetes",
    "descr": null,
    "descr_pl": null,
    "descr_en": null,
    "image": "",
    "image_source": 54,
    "pubdate": "2021-03-14T15:54:43Z",
    "family": 5,
    "culture_override": 0,
    "cooldown_min_override": null,
    "cooldown_max_override": null,
    "is_demanding": false,
    "is_deep_roots": false,
    "is_leaves_mess": false,
    "takes_mix_level": 0,
    "seed_norm_min": null,
    "seed_norm_max": null,
    "crop_relationships": [
      214,
      215
    ],
    "tags": []
  }
},
{
  "model": "rotator.cropinteraction",
  "pk": 11,
  "fields": {
    "title": "Bobowate + Gorczyca Biała (W)",
    "is_positive": true,
    "about_crop": 1,
    "about_family": null,
    "about_tag": null,
    "info_source": 2,
    "type_of_interaction": 0,
    "season_of_interaction": 0
  }
},
{
  "model": "rotator.cropinteraction",
  "pk": 14,
  "fields": {
    "title": "Strączkowe + Lnianka siewna (W)",
    "is_positive": true,
    "about_crop": 9,
    "about_family": null,
    "about_tag": null,
    "info_source": 9,
    "type_of_interaction": 0,
    "season_of_interaction": 0
  }
},
{
  "model": "rotator.cropinteraction",
  "pk": 20,
  "fields": {
    "title": "Facelia + Gorczyca biała  (W)",
    "is_positive": true,
    "about_crop": 1,
    "about_family": null,
    "about_tag": null,
    "info_source": 2,
    "type_of_interaction": 0,
    "season_of_interaction": 0
  }
},
{
  "model": "rotator.cropinteraction",
  "pk": 21,
  "fields": {
    "title": "groch ++ Żyto (W)",
    "is_positive": true,
    "about_crop": 12,
    "about_family": null,
    "about_tag": null,
    "info_source": 12,
    "type_of_interaction": 0,
    "season_of_interaction": 0
  }
},
{
  "model": "rotator.cropinteraction",
  "pk": 22,
  "fields": {
    "title": "Owies Siewny - - Jęczmień (N) (J)",
    "is_positive": false,
    "about_crop": 16,
    "about_family": null,
    "about_tag": null,
    "info_source": 10,
    "type_of_interaction": 2,
    "season_of_interaction": 1
  }
},
{
  "model": "rotator.cropinteraction",
  "pk": 23,
  "fields": {
    "title": "Owies Siewny - - Kapustowate (A)",
    "is_positive": false,
    "about_crop": null,
    "about_family": 2,
    "about_tag": null,
    "info_source": 10,
    "type_of_interaction": 1,
    "season_of_interaction": 0
  }
},
{
  "model": "rotator.cropinteraction",
  "pk": 24,
  "fields": {
    "title": "Rzodkiew Japońska + Kukurydza (N)",
    "is_positive": true,
    "about_crop": 18,
    "about_family": null,
    "about_tag": null,
    "info_source": 6,
    "type_of_interaction": 2,
    "season_of_interaction": 0
  }
},
{
  "model": "rotator.cropinteraction",
  "pk": 25,
  "fields": {
    "title": "wyka ++ Żyto (W)",
    "is_positive": true,
    "about_crop": 12,
    "about_family": null,
    "about_tag": null,
    "info_source": 12,
    "type_of_interaction": 0,
    "season_of_interaction": 0
  }
},
{
  "model": "rotator.cropinteraction",
  "pk": 26,
  "fields": {
    "title": "Żyto ++ bobowate (w)",
    "is_positive": true,
    "about_crop": null,
    "about_family": 4,
    "about_tag": null,
    "info_source": 12,
    "type_of_interaction": 0,
    "season_of_interaction": 0
  }
},
{
  "model": "rotator.cropinteraction",
  "pk": 28,
  "fields": {
    "title": "Żyto ++ Warzywa Polowe (w)",
    "is_positive": true,
    "about_crop": null,
    "about_family": null,
    "about_tag": 18,
    "info_source": 12,
    "type_of_interaction": 0,
    "season_of_interaction": 0
  }
},
{
  "model": "rotator.cropinteraction",
  "pk": 36,
  "fields": {
    "title": "Koniczyna krwistoczerwona ++ Życica Wielokwiatowa (W)",
    "is_positive": true,
    "about_crop": 20,
    "about_family": null,
    "about_tag": null,
    "info_source": 15,
    "type_of_interaction": 0,
    "season_of_interaction": 0
  }
},
{
  "model": "rotator.cropinteraction",
  "pk": 37,
  "fields": {
    "title": "koniczyna aleksandryjska + włośnica ber (W)",
    "is_positive": true,
    "about_crop": 26,
    "about_family": null,
    "about_tag": null,
    "info_source": 1,
    "type_of_interaction": 0,
    "season_of_interaction": 0
  }
},
{
  "model": "rotator.cropinteraction",
  "pk": 38,
  "fields": {
    "title": "Rosplenica Perłowa ++ Płodozmiany Warzywne (A)",
    "is_positive": true,
    "about_crop": null,
    "about_family": null,
    "about_tag": 18,
    "info_source": 17,
    "type_of_interaction": 1,
    "season_of_interaction": 0
  }
},
{
  "model": "rotator.cropinteraction",
  "pk": 39,
  "fields": {
    "title": "Zboża Ozime ++ Słonecznik (N) (J)",
    "is_positive": true,
    "about_crop": 22,
    "about_family": null,
    "about_tag": null,
    "info_source": 18,
    "type_of_interaction": 2,
    "season_of_interaction": 1
  }
},
{
  "model": "rotator.cropinteraction",
  "pk": 40,
  "fields": {
    "title": "Słonecznik + Rośliny Pnące (W)",
    "is_positive": true,
    "about_crop": null,
    "about_family": null,
    "about_tag": 20,
    "info_source": null,
    "type_of_interaction": 1,
    "season_of_interaction": 0
  }
},
{
  "model": "rotator.cropinteraction",
  "pk": 41,
  "fields": {
    "title": "Warzywa Polowe ++ Olejarka abisyńska (N) (O)",
    "is_positive": true,
    "about_crop": 28,
    "about_family": null,
    "about_tag": null,
    "info_source": 19,
    "type_of_interaction": 2,
    "season_of_interaction": 2
  }
},
{
  "model": "rotator.cropinteraction",
  "pk": 42,
  "fields": {
    "title": "Olejarka abisyńska + Rzepak (W) (O)",
    "is_positive": true,
    "about_crop": 6,
    "about_family": null,
    "about_tag": null,
    "info_source": 19,
    "type_of_interaction": 0,
    "season_of_interaction": 2
  }
},
{
  "model": "rotator.cropinteraction",
  "pk": 43,
  "fields": {
    "title": "Słonecznik + Facelia błękitna (W)",
    "is_positive": true,
    "about_crop": 29,
    "about_family": null,
    "about_tag": null,
    "info_source": 20,
    "type_of_interaction": 0,
    "season_of_interaction": 0
  }
},
{
  "model": "rotator.cropinteraction",
  "pk": 44,
  "fields": {
    "title": "Rzodkiew Oleista + Facelia Błękitna (W)",
    "is_positive": true,
    "about_crop": 29,
    "about_family": null,
    "about_tag": null,
    "info_source": 20,
    "type_of_interaction": 0,
    "season_of_interaction": 0
  }
},
{
  "model": "rotator.cropinteraction",
  "pk": 46,
  "fields": {
    "title": "Bobowate ++ Facelia Błękitna (W)",
    "is_positive": true,
    "about_crop": 29,
    "about_family": null,
    "about_tag": null,
    "info_source": null,
    "type_of_interaction": 0,
    "season_of_interaction": 0
  }
},
{
  "model": "rotator.cropinteraction",
  "pk": 47,
  "fields": {
    "title": "Len + Bobowate (W)",
    "is_positive": true,
    "about_crop": null,
    "about_family": 4,
    "about_tag": null,
    "info_source": 21,
    "type_of_interaction": 0,
    "season_of_interaction": 0
  }
},
{
  "model": "rotator.cropinteraction",
  "pk": 48,
  "fields": {
    "title": "Len + Strączkowe (W)",
    "is_positive": true,
    "about_crop": null,
    "about_family": 10,
    "about_tag": null,
    "info_source": 21,
    "type_of_interaction": 0,
    "season_of_interaction": 0
  }
},
{
  "model": "rotator.cropinteraction",
  "pk": 49,
  "fields": {
    "title": "Len + Rzepak (W)",
    "is_positive": true,
    "about_crop": 6,
    "about_family": null,
    "about_tag": null,
    "info_source": null,
    "type_of_interaction": 0,
    "season_of_interaction": 0
  }
},
{
  "model": "rotator.cropinteraction",
  "pk": 57,
  "fields": {
    "title": "Gryka siewna + koniczna (W) (J)",
    "is_positive": true,
    "about_crop": null,
    "about_family": null,
    "about_tag": 21,
    "info_source": 22,
    "type_of_interaction": 0,
    "season_of_interaction": 1
  }
},
{
  "model": "rotator.cropinteraction",
  "pk": 58,
  "fields": {
    "title": "Gryka siewna + Lucerna (W) (J)",
    "is_positive": true,
    "about_crop": 49,
    "about_family": null,
    "about_tag": null,
    "info_source": 22,
    "type_of_interaction": 0,
    "season_of_interaction": 1
  }
},
{
  "model": "rotator.cropinteraction",
  "pk": 59,
  "fields": {
    "title": "Gryka siewna + Rzepak (W)",
    "is_positive": true,
    "about_crop": 6,
    "about_family": null,
    "about_tag": null,
    "info_source": 22,
    "type_of_interaction": 0,
    "season_of_interaction": 0
  }
},
{
  "model": "rotator.cropinteraction",
  "pk": 60,
  "fields": {
    "title": "Gryka siewna + słonecznik (W)",
    "is_positive": true,
    "about_crop": 22,
    "about_family": null,
    "about_tag": null,
    "info_source": 22,
    "type_of_interaction": 0,
    "season_of_interaction": 0
  }
},
{
  "model": "rotator.cropinteraction",
  "pk": 62,
  "fields": {
    "title": "groch + Zboża (W)",
    "is_positive": true,
    "about_crop": null,
    "about_family": null,
    "about_tag": 19,
    "info_source": 23,
    "type_of_interaction": 0,
    "season_of_interaction": 0
  }
},
{
  "model": "rotator.cropinteraction",
  "pk": 63,
  "fields": {
    "title": "wyka kosmata + kukurydza",
    "is_positive": true,
    "about_crop": 18,
    "about_family": null,
    "about_tag": null,
    "info_source": 25,
    "type_of_interaction": 2,
    "season_of_interaction": 0
  }
},
{
  "model": "rotator.cropinteraction",
  "pk": 64,
  "fields": {
    "title": "wyka kosmata + rośliny warzywne",
    "is_positive": true,
    "about_crop": null,
    "about_family": null,
    "about_tag": 18,
    "info_source": 25,
    "type_of_interaction": 2,
    "season_of_interaction": 0
  }
},
{
  "model": "rotator.cropinteraction",
  "pk": 65,
  "fields": {
    "title": "Soczewica ++ Rzepak (W) (O)",
    "is_positive": true,
    "about_crop": 6,
    "about_family": null,
    "about_tag": null,
    "info_source": null,
    "type_of_interaction": 0,
    "season_of_interaction": 2
  }
},
{
  "model": "rotator.cropinteraction",
  "pk": 70,
  "fields": {
    "title": "Fasola K - Groch (W)",
    "is_positive": false,
    "about_crop": 56,
    "about_family": null,
    "about_tag": null,
    "info_source": 29,
    "type_of_interaction": 0,
    "season_of_interaction": 0
  }
},
{
  "model": "rotator.cropinteraction",
  "pk": 71,
  "fields": {
    "title": "Fasola K + ogórek (W)",
    "is_positive": true,
    "about_crop": 63,
    "about_family": null,
    "about_tag": null,
    "info_source": 29,
    "type_of_interaction": 0,
    "season_of_interaction": 0
  }
},
{
  "model": "rotator.cropinteraction",
  "pk": 72,
  "fields": {
    "title": "Fasola K + KApusta chińska (W)",
    "is_positive": true,
    "about_crop": 60,
    "about_family": null,
    "about_tag": null,
    "info_source": 29,
    "type_of_interaction": 0,
    "season_of_interaction": 0
  }
},
{
  "model": "rotator.cropinteraction",
  "pk": 73,
  "fields": {
    "title": "Fasola K + Cykoria endywia (W)",
    "is_positive": true,
    "about_crop": 61,
    "about_family": null,
    "about_tag": null,
    "info_source": 29,
    "type_of_interaction": 0,
    "season_of_interaction": 0
  }
},
{
  "model": "rotator.cropinteraction",
  "pk": 74,
  "fields": {
    "title": "Fasola K + Szparag (W)",
    "is_positive": true,
    "about_crop": 64,
    "about_family": null,
    "about_tag": null,
    "info_source": 29,
    "type_of_interaction": 0,
    "season_of_interaction": 0
  }
},
{
  "model": "rotator.cropinteraction",
  "pk": 75,
  "fields": {
    "title": "Fasola K + Ziemniak (W)",
    "is_positive": true,
    "about_crop": 33,
    "about_family": null,
    "about_tag": null,
    "info_source": 29,
    "type_of_interaction": 0,
    "season_of_interaction": 0
  }
},
{
  "model": "rotator.cropinteraction",
  "pk": 76,
  "fields": {
    "title": "Fasola K - Fenkuł Włoski (W)",
    "is_positive": false,
    "about_crop": 65,
    "about_family": null,
    "about_tag": null,
    "info_source": 29,
    "type_of_interaction": 0,
    "season_of_interaction": 0
  }
},
{
  "model": "rotator.cropinteraction",
  "pk": 77,
  "fields": {
    "title": "Fasola K + Kapusty (W)",
    "is_positive": true,
    "about_crop": 66,
    "about_family": null,
    "about_tag": null,
    "info_source": 29,
    "type_of_interaction": 0,
    "season_of_interaction": 0
  }
},
{
  "model": "rotator.cropinteraction",
  "pk": 78,
  "fields": {
    "title": "Fasola K + Kalarepa (W)",
    "is_positive": true,
    "about_crop": 67,
    "about_family": null,
    "about_tag": null,
    "info_source": 29,
    "type_of_interaction": 0,
    "season_of_interaction": 0
  }
},
{
  "model": "rotator.cropinteraction",
  "pk": 79,
  "fields": {
    "title": "Fasola K + Sałata (W)",
    "is_positive": true,
    "about_crop": 68,
    "about_family": null,
    "about_tag": null,
    "info_source": 29,
    "type_of_interaction": 0,
    "season_of_interaction": 0
  }
},
{
  "model": "rotator.cropinteraction",
  "pk": 80,
  "fields": {
    "title": "Fasola K + Rzepa (W)",
    "is_positive": true,
    "about_crop": 69,
    "about_family": null,
    "about_tag": null,
    "info_source": 29,
    "type_of_interaction": 0,
    "season_of_interaction": 0
  }
},
{
  "model": "rotator.cropinteraction",
  "pk": 81,
  "fields": {
    "title": "Fasola K + Burak liściowy (W)",
    "is_positive": true,
    "about_crop": 70,
    "about_family": null,
    "about_tag": null,
    "info_source": 29,
    "type_of_interaction": 0,
    "season_of_interaction": 0
  }
},
{
  "model": "rotator.cropinteraction",
  "pk": 82,
  "fields": {
    "title": "Fasola K - Papryka (W)",
    "is_positive": false,
    "about_crop": 72,
    "about_family": null,
    "about_tag": null,
    "info_source": 29,
    "type_of_interaction": 0,
    "season_of_interaction": 0
  }
},
{
  "model": "rotator.cropinteraction",
  "pk": 83,
  "fields": {
    "title": "Fasola K - Por (W)",
    "is_positive": false,
    "about_crop": 74,
    "about_family": null,
    "about_tag": null,
    "info_source": 29,
    "type_of_interaction": 0,
    "season_of_interaction": 0
  }
},
{
  "model": "rotator.cropinteraction",
  "pk": 84,
  "fields": {
    "title": "Fasola K + Rzodkiewka (W)",
    "is_positive": true,
    "about_crop": 75,
    "about_family": null,
    "about_tag": null,
    "info_source": 29,
    "type_of_interaction": 0,
    "season_of_interaction": 0
  }
},
{
  "model": "rotator.cropinteraction",
  "pk": 85,
  "fields": {
    "title": "Fasola K + Rabarbar (W)",
    "is_positive": true,
    "about_crop": 76,
    "about_family": null,
    "about_tag": null,
    "info_source": 29,
    "type_of_interaction": 0,
    "season_of_interaction": 0
  }
},
{
  "model": "rotator.cropinteraction",
  "pk": 86,
  "fields": {
    "title": "Fasola K + Burak ćwikłowy (W)",
    "is_positive": true,
    "about_crop": 77,
    "about_family": null,
    "about_tag": null,
    "info_source": 29,
    "type_of_interaction": 0,
    "season_of_interaction": 0
  }
},
{
  "model": "rotator.cropinteraction",
  "pk": 87,
  "fields": {
    "title": "Fasola K + Seler (W)",
    "is_positive": true,
    "about_crop": 79,
    "about_family": null,
    "about_tag": null,
    "info_source": 29,
    "type_of_interaction": 0,
    "season_of_interaction": 0
  }
},
{
  "model": "rotator.cropinteraction",
  "pk": 88,
  "fields": {
    "title": "Fasola K + Szpinak (W)",
    "is_positive": true,
    "about_crop": 80,
    "about_family": null,
    "about_tag": null,
    "info_source": 29,
    "type_of_interaction": 0,
    "season_of_interaction": 0
  }
},
{
  "model": "rotator.cropinteraction",
  "pk": 89,
  "fields": {
    "title": "Fasola K + Pomidor (W)",
    "is_positive": true,
    "about_crop": 81,
    "about_family": null,
    "about_tag": null,
    "info_source": 29,
    "type_of_interaction": 0,
    "season_of_interaction": 0
  }
},
{
  "model": "rotator.cropinteraction",
  "pk": 90,
  "fields": {
    "title": "Fasola K + Kukurydza (W)",
    "is_positive": true,
    "about_crop": 18,
    "about_family": null,
    "about_tag": null,
    "info_source": 29,
    "type_of_interaction": 0,
    "season_of_interaction": 0
  }
},
{
  "model": "rotator.cropinteraction",
  "pk": 91,
  "fields": {
    "title": "Fasola K + Cebula (W)",
    "is_positive": true,
    "about_crop": 84,
    "about_family": null,
    "about_tag": null,
    "info_source": 29,
    "type_of_interaction": 0,
    "season_of_interaction": 0
  }
},
{
  "model": "rotator.cropinteraction",
  "pk": 92,
  "fields": {
    "title": "Kapusta Chińska - Kalarepa (W)",
    "is_positive": false,
    "about_crop": 67,
    "about_family": null,
    "about_tag": null,
    "info_source": 30,
    "type_of_interaction": 0,
    "season_of_interaction": 0
  }
},
{
  "model": "rotator.cropinteraction",
  "pk": 93,
  "fields": {
    "title": "Kapusta Chińska - Rzodkiewka (W)",
    "is_positive": false,
    "about_crop": 75,
    "about_family": null,
    "about_tag": null,
    "info_source": 30,
    "type_of_interaction": 0,
    "season_of_interaction": 0
  }
},
{
  "model": "rotator.cropinteraction",
  "pk": 94,
  "fields": {
    "title": "Cykoria endywia + Fenkuł włoski (W)",
    "is_positive": true,
    "about_crop": 65,
    "about_family": null,
    "about_tag": null,
    "info_source": 31,
    "type_of_interaction": 0,
    "season_of_interaction": 0
  }
},
{
  "model": "rotator.cropinteraction",
  "pk": 95,
  "fields": {
    "title": "Cykoria endywia + Kapusty  (W)",
    "is_positive": true,
    "about_crop": 66,
    "about_family": null,
    "about_tag": null,
    "info_source": 31,
    "type_of_interaction": 0,
    "season_of_interaction": 0
  }
},
{
  "model": "rotator.cropinteraction",
  "pk": 96,
  "fields": {
    "title": "Cykoria endywia + Por (W)",
    "is_positive": true,
    "about_crop": 74,
    "about_family": null,
    "about_tag": null,
    "info_source": 31,
    "type_of_interaction": 0,
    "season_of_interaction": 0
  }
},
{
  "model": "rotator.cropinteraction",
  "pk": 97,
  "fields": {
    "title": "Cykoria endywia + Fasola tyczna (W)",
    "is_positive": true,
    "about_crop": 55,
    "about_family": null,
    "about_tag": null,
    "info_source": 31,
    "type_of_interaction": 0,
    "season_of_interaction": 0
  }
},
{
  "model": "rotator.cropinteraction",
  "pk": 98,
  "fields": {
    "title": "groch - Fasola K (W)",
    "is_positive": false,
    "about_crop": 59,
    "about_family": null,
    "about_tag": null,
    "info_source": 32,
    "type_of_interaction": 0,
    "season_of_interaction": 0
  }
},
{
  "model": "rotator.cropinteraction",
  "pk": 99,
  "fields": {
    "title": "groch + Kapusta Chińska (W)",
    "is_positive": true,
    "about_crop": 60,
    "about_family": null,
    "about_tag": null,
    "info_source": 32,
    "type_of_interaction": 0,
    "season_of_interaction": 0
  }
},
{
  "model": "rotator.cropinteraction",
  "pk": 100,
  "fields": {
    "title": "groch + ogórek (W)",
    "is_positive": true,
    "about_crop": 63,
    "about_family": null,
    "about_tag": null,
    "info_source": 32,
    "type_of_interaction": 0,
    "season_of_interaction": 0
  }
},
{
  "model": "rotator.cropinteraction",
  "pk": 101,
  "fields": {
    "title": "groch + szparag (W)",
    "is_positive": true,
    "about_crop": 64,
    "about_family": null,
    "about_tag": null,
    "info_source": 32,
    "type_of_interaction": 0,
    "season_of_interaction": 0
  }
},
{
  "model": "rotator.cropinteraction",
  "pk": 102,
  "fields": {
    "title": "groch - ziemniak (W)",
    "is_positive": false,
    "about_crop": 33,
    "about_family": null,
    "about_tag": null,
    "info_source": 32,
    "type_of_interaction": 0,
    "season_of_interaction": 0
  }
},
{
  "model": "rotator.cropinteraction",
  "pk": 103,
  "fields": {
    "title": "groch + fenkuł włoski (W)",
    "is_positive": true,
    "about_crop": 65,
    "about_family": null,
    "about_tag": null,
    "info_source": 32,
    "type_of_interaction": 0,
    "season_of_interaction": 0
  }
},
{
  "model": "rotator.cropinteraction",
  "pk": 104,
  "fields": {
    "title": "groch + kultywary kapusty (W)",
    "is_positive": true,
    "about_crop": 66,
    "about_family": null,
    "about_tag": null,
    "info_source": 32,
    "type_of_interaction": 0,
    "season_of_interaction": 0
  }
},
{
  "model": "rotator.cropinteraction",
  "pk": 105,
  "fields": {
    "title": "groch + kalarepa (W)",
    "is_positive": true,
    "about_crop": 67,
    "about_family": null,
    "about_tag": null,
    "info_source": 32,
    "type_of_interaction": 0,
    "season_of_interaction": 0
  }
},
{
  "model": "rotator.cropinteraction",
  "pk": 106,
  "fields": {
    "title": "groch + sałata (w)",
    "is_positive": true,
    "about_crop": 68,
    "about_family": null,
    "about_tag": null,
    "info_source": 32,
    "type_of_interaction": 0,
    "season_of_interaction": 0
  }
},
{
  "model": "rotator.cropinteraction",
  "pk": 107,
  "fields": {
    "title": "groch + rzepa (W)",
    "is_positive": true,
    "about_crop": 69,
    "about_family": null,
    "about_tag": null,
    "info_source": 32,
    "type_of_interaction": 0,
    "season_of_interaction": 0
  }
},
{
  "model": "rotator.cropinteraction",
  "pk": 108,
  "fields": {
    "title": "groch  + marchew (w)",
    "is_positive": true,
    "about_crop": 34,
    "about_family": null,
    "about_tag": null,
    "info_source": 32,
    "type_of_interaction": 0,
    "season_of_interaction": 0
  }
},
{
  "model": "rotator.cropinteraction",
  "pk": 109,
  "fields": {
    "title": "groch - por (W)",
    "is_positive": false,
    "about_crop": 74,
    "about_family": null,
    "about_tag": null,
    "info_source": 32,
    "type_of_interaction": 0,
    "season_of_interaction": 0
  }
},
{
  "model": "rotator.cropinteraction",
  "pk": 110,
  "fields": {
    "title": "groch + rzodkiewka (W)",
    "is_positive": true,
    "about_crop": 75,
    "about_family": null,
    "about_tag": null,
    "info_source": 32,
    "type_of_interaction": 0,
    "season_of_interaction": 0
  }
},
{
  "model": "rotator.cropinteraction",
  "pk": 111,
  "fields": {
    "title": "groch + burak ćwikłowy (W)",
    "is_positive": true,
    "about_crop": 77,
    "about_family": null,
    "about_tag": null,
    "info_source": 32,
    "type_of_interaction": 0,
    "season_of_interaction": 0
  }
},
{
  "model": "rotator.cropinteraction",
  "pk": 112,
  "fields": {
    "title": "groch + seler (W)",
    "is_positive": true,
    "about_crop": 79,
    "about_family": null,
    "about_tag": null,
    "info_source": 32,
    "type_of_interaction": 0,
    "season_of_interaction": 0
  }
},
{
  "model": "rotator.cropinteraction",
  "pk": 113,
  "fields": {
    "title": "groch - fasola tyczna (W)",
    "is_positive": false,
    "about_crop": 55,
    "about_family": null,
    "about_tag": null,
    "info_source": 32,
    "type_of_interaction": 0,
    "season_of_interaction": 0
  }
},
{
  "model": "rotator.cropinteraction",
  "pk": 114,
  "fields": {
    "title": "groch - pomidor (W)",
    "is_positive": false,
    "about_crop": 81,
    "about_family": null,
    "about_tag": null,
    "info_source": 32,
    "type_of_interaction": 0,
    "season_of_interaction": 0
  }
},
{
  "model": "rotator.cropinteraction",
  "pk": 115,
  "fields": {
    "title": "groch + cukinia (W)",
    "is_positive": true,
    "about_crop": 83,
    "about_family": null,
    "about_tag": null,
    "info_source": 32,
    "type_of_interaction": 0,
    "season_of_interaction": 0
  }
},
{
  "model": "rotator.cropinteraction",
  "pk": 116,
  "fields": {
    "title": "groch + kukurydza (W)",
    "is_positive": true,
    "about_crop": 18,
    "about_family": null,
    "about_tag": null,
    "info_source": 32,
    "type_of_interaction": 0,
    "season_of_interaction": 0
  }
},
{
  "model": "rotator.cropinteraction",
  "pk": 117,
  "fields": {
    "title": "groch - cebula (W)",
    "is_positive": false,
    "about_crop": 84,
    "about_family": null,
    "about_tag": null,
    "info_source": 32,
    "type_of_interaction": 0,
    "season_of_interaction": 0
  }
},
{
  "model": "rotator.cropinteraction",
  "pk": 118,
  "fields": {
    "title": "Roszponka + Fenkuł włoski (W)",
    "is_positive": true,
    "about_crop": 65,
    "about_family": null,
    "about_tag": null,
    "info_source": 33,
    "type_of_interaction": 0,
    "season_of_interaction": 0
  }
},
{
  "model": "rotator.cropinteraction",
  "pk": 119,
  "fields": {
    "title": "Roszponka + Kapusty (W)",
    "is_positive": true,
    "about_crop": 66,
    "about_family": null,
    "about_tag": null,
    "info_source": 33,
    "type_of_interaction": 0,
    "season_of_interaction": 0
  }
},
{
  "model": "rotator.cropinteraction",
  "pk": 120,
  "fields": {
    "title": "Roszponka + Kalarepa (W)",
    "is_positive": true,
    "about_crop": 67,
    "about_family": null,
    "about_tag": null,
    "info_source": 33,
    "type_of_interaction": 0,
    "season_of_interaction": 0
  }
},
{
  "model": "rotator.cropinteraction",
  "pk": 121,
  "fields": {
    "title": "Roszponka + Por (W)",
    "is_positive": true,
    "about_crop": 74,
    "about_family": null,
    "about_tag": null,
    "info_source": 33,
    "type_of_interaction": 0,
    "season_of_interaction": 0
  }
},
{
  "model": "rotator.cropinteraction",
  "pk": 122,
  "fields": {
    "title": "Roszponka + Rabarbar (W)",
    "is_positive": true,
    "about_crop": 76,
    "about_family": null,
    "about_tag": null,
    "info_source": 33,
    "type_of_interaction": 0,
    "season_of_interaction": 0
  }
},
{
  "model": "rotator.cropinteraction",
  "pk": 123,
  "fields": {
    "title": "Roszponka + Burak ćwikłowy (W)",
    "is_positive": true,
    "about_crop": 77,
    "about_family": null,
    "about_tag": null,
    "info_source": 33,
    "type_of_interaction": 0,
    "season_of_interaction": 0
  }
},
{
  "model": "rotator.cropinteraction",
  "pk": 124,
  "fields": {
    "title": "Roszponka + Fasola T (W)",
    "is_positive": true,
    "about_crop": 55,
    "about_family": null,
    "about_tag": null,
    "info_source": 33,
    "type_of_interaction": 0,
    "season_of_interaction": 0
  }
},
{
  "model": "rotator.cropinteraction",
  "pk": 125,
  "fields": {
    "title": "Roszponka + Cebula (W)",
    "is_positive": true,
    "about_crop": 84,
    "about_family": null,
    "about_tag": null,
    "info_source": 33,
    "type_of_interaction": 0,
    "season_of_interaction": 0
  }
},
{
  "model": "rotator.cropinteraction",
  "pk": 126,
  "fields": {
    "title": "ogórek + Karczoch (W)",
    "is_positive": true,
    "about_crop": 58,
    "about_family": null,
    "about_tag": null,
    "info_source": 34,
    "type_of_interaction": 0,
    "season_of_interaction": 0
  }
},
{
  "model": "rotator.cropinteraction",
  "pk": 127,
  "fields": {
    "title": "ogórek + fasola K (w)",
    "is_positive": true,
    "about_crop": 59,
    "about_family": null,
    "about_tag": null,
    "info_source": 34,
    "type_of_interaction": 0,
    "season_of_interaction": 0
  }
},
{
  "model": "rotator.cropinteraction",
  "pk": 128,
  "fields": {
    "title": "ogórek + groch (W)",
    "is_positive": true,
    "about_crop": 56,
    "about_family": null,
    "about_tag": null,
    "info_source": 34,
    "type_of_interaction": 0,
    "season_of_interaction": 0
  }
},
{
  "model": "rotator.cropinteraction",
  "pk": 129,
  "fields": {
    "title": "ogórek + szparag zielony (w)",
    "is_positive": true,
    "about_crop": 64,
    "about_family": null,
    "about_tag": null,
    "info_source": 34,
    "type_of_interaction": 0,
    "season_of_interaction": 0
  }
},
{
  "model": "rotator.cropinteraction",
  "pk": 130,
  "fields": {
    "title": "ogórek - ziemniak (w)",
    "is_positive": false,
    "about_crop": 33,
    "about_family": null,
    "about_tag": null,
    "info_source": 34,
    "type_of_interaction": 0,
    "season_of_interaction": 0
  }
},
{
  "model": "rotator.cropinteraction",
  "pk": 131,
  "fields": {
    "title": "ogórek + fenkuł włoski (W)",
    "is_positive": true,
    "about_crop": 65,
    "about_family": null,
    "about_tag": null,
    "info_source": 34,
    "type_of_interaction": 0,
    "season_of_interaction": 0
  }
},
{
  "model": "rotator.cropinteraction",
  "pk": 132,
  "fields": {
    "title": "ogórek + kapusty (W)",
    "is_positive": true,
    "about_crop": 66,
    "about_family": null,
    "about_tag": null,
    "info_source": 34,
    "type_of_interaction": 0,
    "season_of_interaction": 0
  }
},
{
  "model": "rotator.cropinteraction",
  "pk": 133,
  "fields": {
    "title": "ogórek + kalarepa (W)",
    "is_positive": true,
    "about_crop": 67,
    "about_family": null,
    "about_tag": null,
    "info_source": 34,
    "type_of_interaction": 0,
    "season_of_interaction": 0
  }
},
{
  "model": "rotator.cropinteraction",
  "pk": 134,
  "fields": {
    "title": "ogórek + sałata (W)",
    "is_positive": true,
    "about_crop": 68,
    "about_family": null,
    "about_tag": null,
    "info_source": 34,
    "type_of_interaction": 0,
    "season_of_interaction": 0
  }
},
{
  "model": "rotator.cropinteraction",
  "pk": 135,
  "fields": {
    "title": "ogórek + papryka (W)",
    "is_positive": true,
    "about_crop": 72,
    "about_family": null,
    "about_tag": null,
    "info_source": 34,
    "type_of_interaction": 0,
    "season_of_interaction": 0
  }
},
{
  "model": "rotator.cropinteraction",
  "pk": 136,
  "fields": {
    "title": "ogórek + por (W)",
    "is_positive": true,
    "about_crop": 74,
    "about_family": null,
    "about_tag": null,
    "info_source": 34,
    "type_of_interaction": 0,
    "season_of_interaction": 0
  }
},
{
  "model": "rotator.cropinteraction",
  "pk": 137,
  "fields": {
    "title": "ogórek - rzodkiewka (W)",
    "is_positive": false,
    "about_crop": 75,
    "about_family": null,
    "about_tag": null,
    "info_source": 34,
    "type_of_interaction": 0,
    "season_of_interaction": 0
  }
},
{
  "model": "rotator.cropinteraction",
  "pk": 138,
  "fields": {
    "title": "ogórek + burak ćwikłowy (W)",
    "is_positive": true,
    "about_crop": 77,
    "about_family": null,
    "about_tag": null,
    "info_source": 34,
    "type_of_interaction": 0,
    "season_of_interaction": 0
  }
},
{
  "model": "rotator.cropinteraction",
  "pk": 139,
  "fields": {
    "title": "ogórek + seler (W)",
    "is_positive": true,
    "about_crop": 79,
    "about_family": null,
    "about_tag": null,
    "info_source": 34,
    "type_of_interaction": 0,
    "season_of_interaction": 0
  }
},
{
  "model": "rotator.cropinteraction",
  "pk": 140,
  "fields": {
    "title": "ogórek + szpinak (W)",
    "is_positive": true,
    "about_crop": 80,
    "about_family": null,
    "about_tag": null,
    "info_source": 34,
    "type_of_interaction": 0,
    "season_of_interaction": 0
  }
},
{
  "model": "rotator.cropinteraction",
  "pk": 141,
  "fields": {
    "title": "ogórek + fasola T (W)",
    "is_positive": true,
    "about_crop": 55,
    "about_family": null,
    "about_tag": null,
    "info_source": 34,
    "type_of_interaction": 0,
    "season_of_interaction": 0
  }
},
{
  "model": "rotator.cropinteraction",
  "pk": 142,
  "fields": {
    "title": "ogórek + pomidor (W)",
    "is_positive": true,
    "about_crop": 81,
    "about_family": null,
    "about_tag": null,
    "info_source": 34,
    "type_of_interaction": 0,
    "season_of_interaction": 0
  }
},
{
  "model": "rotator.cropinteraction",
  "pk": 143,
  "fields": {
    "title": "ogórek + kukurydza (W)",
    "is_positive": true,
    "about_crop": 18,
    "about_family": null,
    "about_tag": null,
    "info_source": 34,
    "type_of_interaction": 0,
    "season_of_interaction": 0
  }
},
{
  "model": "rotator.cropinteraction",
  "pk": 144,
  "fields": {
    "title": "ogórek + cebula (W)",
    "is_positive": true,
    "about_crop": 84,
    "about_family": null,
    "about_tag": null,
    "info_source": 34,
    "type_of_interaction": 0,
    "season_of_interaction": 0
  }
},
{
  "model": "rotator.cropinteraction",
  "pk": 145,
  "fields": {
    "title": "ziemniak - karczoch (W)",
    "is_positive": false,
    "about_crop": 33,
    "about_family": null,
    "about_tag": null,
    "info_source": 35,
    "type_of_interaction": 0,
    "season_of_interaction": 0
  }
},
{
  "model": "rotator.cropinteraction",
  "pk": 146,
  "fields": {
    "title": "ziemniak + fasola karłowa (W)",
    "is_positive": true,
    "about_crop": 59,
    "about_family": null,
    "about_tag": null,
    "info_source": 35,
    "type_of_interaction": 0,
    "season_of_interaction": 0
  }
},
{
  "model": "rotator.cropinteraction",
  "pk": 147,
  "fields": {
    "title": "ziemniak - kapusta chińska (W)",
    "is_positive": false,
    "about_crop": 60,
    "about_family": null,
    "about_tag": null,
    "info_source": 35,
    "type_of_interaction": 0,
    "season_of_interaction": 0
  }
},
{
  "model": "rotator.cropinteraction",
  "pk": 148,
  "fields": {
    "title": "ziemniak - groch (W)",
    "is_positive": false,
    "about_crop": 56,
    "about_family": null,
    "about_tag": null,
    "info_source": 35,
    "type_of_interaction": 0,
    "season_of_interaction": 0
  }
},
{
  "model": "rotator.cropinteraction",
  "pk": 149,
  "fields": {
    "title": "ziemniak - ogórek (W)",
    "is_positive": false,
    "about_crop": 63,
    "about_family": null,
    "about_tag": null,
    "info_source": 35,
    "type_of_interaction": 0,
    "season_of_interaction": 0
  }
},
{
  "model": "rotator.cropinteraction",
  "pk": 150,
  "fields": {
    "title": "ziemniak - szparag (W)",
    "is_positive": false,
    "about_crop": 64,
    "about_family": null,
    "about_tag": null,
    "info_source": 35,
    "type_of_interaction": 0,
    "season_of_interaction": 0
  }
},
{
  "model": "rotator.cropinteraction",
  "pk": 151,
  "fields": {
    "title": "ziemniak - kapusty (W)",
    "is_positive": false,
    "about_crop": 66,
    "about_family": null,
    "about_tag": null,
    "info_source": 35,
    "type_of_interaction": 0,
    "season_of_interaction": 0
  }
},
{
  "model": "rotator.cropinteraction",
  "pk": 152,
  "fields": {
    "title": "ziemniak + kalarepa (W)",
    "is_positive": true,
    "about_crop": 67,
    "about_family": null,
    "about_tag": null,
    "info_source": 35,
    "type_of_interaction": 0,
    "season_of_interaction": 0
  }
},
{
  "model": "rotator.cropinteraction",
  "pk": 153,
  "fields": {
    "title": "ziemniak + pasternak (W)",
    "is_positive": true,
    "about_crop": 73,
    "about_family": null,
    "about_tag": null,
    "info_source": 35,
    "type_of_interaction": 0,
    "season_of_interaction": 0
  }
},
{
  "model": "rotator.cropinteraction",
  "pk": 154,
  "fields": {
    "title": "ziemniak - burak ćwikłowy (W)",
    "is_positive": false,
    "about_crop": 77,
    "about_family": null,
    "about_tag": null,
    "info_source": 35,
    "type_of_interaction": 0,
    "season_of_interaction": 0
  }
},
{
  "model": "rotator.cropinteraction",
  "pk": 155,
  "fields": {
    "title": "ziemniak - seler (w)",
    "is_positive": false,
    "about_crop": 79,
    "about_family": null,
    "about_tag": null,
    "info_source": 35,
    "type_of_interaction": 0,
    "season_of_interaction": 0
  }
},
{
  "model": "rotator.cropinteraction",
  "pk": 156,
  "fields": {
    "title": "ziemniak + szpinak (W)",
    "is_positive": true,
    "about_crop": 80,
    "about_family": null,
    "about_tag": null,
    "info_source": 35,
    "type_of_interaction": 0,
    "season_of_interaction": 0
  }
},
{
  "model": "rotator.cropinteraction",
  "pk": 157,
  "fields": {
    "title": "ziemniak + fasola T (w)",
    "is_positive": true,
    "about_crop": 55,
    "about_family": null,
    "about_tag": null,
    "info_source": 35,
    "type_of_interaction": 0,
    "season_of_interaction": 0
  }
},
{
  "model": "rotator.cropinteraction",
  "pk": 158,
  "fields": {
    "title": "ziemniak - pomidor (W)",
    "is_positive": false,
    "about_crop": 81,
    "about_family": null,
    "about_tag": null,
    "info_source": 35,
    "type_of_interaction": 0,
    "season_of_interaction": 0
  }
},
{
  "model": "rotator.cropinteraction",
  "pk": 159,
  "fields": {
    "title": "ziemniak - cukinia (w)",
    "is_positive": false,
    "about_crop": 83,
    "about_family": null,
    "about_tag": null,
    "info_source": 35,
    "type_of_interaction": 0,
    "season_of_interaction": 0
  }
},
{
  "model": "rotator.cropinteraction",
  "pk": 160,
  "fields": {
    "title": "ziemniak - cebula (W)",
    "is_positive": false,
    "about_crop": 84,
    "about_family": null,
    "about_tag": null,
    "info_source": 35,
    "type_of_interaction": 0,
    "season_of_interaction": 0
  }
},
{
  "model": "rotator.cropinteraction",
  "pk": 161,
  "fields": {
    "title": "fenkuł w - fasola k (W)",
    "is_positive": false,
    "about_crop": 59,
    "about_family": null,
    "about_tag": null,
    "info_source": 36,
    "type_of_interaction": 0,
    "season_of_interaction": 0
  }
},
{
  "model": "rotator.cropinteraction",
  "pk": 162,
  "fields": {
    "title": "fenkuł w + cykoria endywia (W)",
    "is_positive": true,
    "about_crop": 61,
    "about_family": null,
    "about_tag": null,
    "info_source": 36,
    "type_of_interaction": 0,
    "season_of_interaction": 0
  }
},
{
  "model": "rotator.cropinteraction",
  "pk": 163,
  "fields": {
    "title": "fenkuł w + groch (W)",
    "is_positive": true,
    "about_crop": 56,
    "about_family": null,
    "about_tag": null,
    "info_source": 36,
    "type_of_interaction": 0,
    "season_of_interaction": 0
  }
},
{
  "model": "rotator.cropinteraction",
  "pk": 164,
  "fields": {
    "title": "fenkuł w + ogórek (W)",
    "is_positive": true,
    "about_crop": 63,
    "about_family": null,
    "about_tag": null,
    "info_source": 36,
    "type_of_interaction": 0,
    "season_of_interaction": 0
  }
},
{
  "model": "rotator.cropinteraction",
  "pk": 165,
  "fields": {
    "title": "fenkuł w + kapusty (W)",
    "is_positive": true,
    "about_crop": 66,
    "about_family": null,
    "about_tag": null,
    "info_source": 36,
    "type_of_interaction": 0,
    "season_of_interaction": 0
  }
},
{
  "model": "rotator.cropinteraction",
  "pk": 166,
  "fields": {
    "title": "fenkuł w - sałata (W)",
    "is_positive": true,
    "about_crop": 68,
    "about_family": null,
    "about_tag": null,
    "info_source": 36,
    "type_of_interaction": 0,
    "season_of_interaction": 0
  }
},
{
  "model": "rotator.cropinteraction",
  "pk": 167,
  "fields": {
    "title": "fenkuł w - fasola T (W)",
    "is_positive": false,
    "about_crop": 55,
    "about_family": null,
    "about_tag": null,
    "info_source": 36,
    "type_of_interaction": 0,
    "season_of_interaction": 0
  }
},
{
  "model": "rotator.cropinteraction",
  "pk": 168,
  "fields": {
    "title": "fenkuł w + pomidor (W)",
    "is_positive": true,
    "about_crop": 81,
    "about_family": null,
    "about_tag": null,
    "info_source": 36,
    "type_of_interaction": 0,
    "season_of_interaction": 0
  }
},
{
  "model": "rotator.cropinteraction",
  "pk": 169,
  "fields": {
    "title": "fenkuł w + cykoria sałatowa (W)",
    "is_positive": true,
    "about_crop": 82,
    "about_family": null,
    "about_tag": null,
    "info_source": 36,
    "type_of_interaction": 0,
    "season_of_interaction": 0
  }
},
{
  "model": "rotator.cropinteraction",
  "pk": 170,
  "fields": {
    "title": "kapusty + fasola k (W)",
    "is_positive": true,
    "about_crop": 59,
    "about_family": null,
    "about_tag": null,
    "info_source": 27,
    "type_of_interaction": 0,
    "season_of_interaction": 0
  }
},
{
  "model": "rotator.cropinteraction",
  "pk": 171,
  "fields": {
    "title": "kapusty - kapusta chińska (W)",
    "is_positive": true,
    "about_crop": 60,
    "about_family": null,
    "about_tag": null,
    "info_source": 27,
    "type_of_interaction": 0,
    "season_of_interaction": 0
  }
},
{
  "model": "rotator.cropinteraction",
  "pk": 172,
  "fields": {
    "title": "kapusty + cykoria endywia (W)",
    "is_positive": true,
    "about_crop": 61,
    "about_family": null,
    "about_tag": null,
    "info_source": 27,
    "type_of_interaction": 0,
    "season_of_interaction": 0
  }
},
{
  "model": "rotator.cropinteraction",
  "pk": 173,
  "fields": {
    "title": "kapusty + groch (W)",
    "is_positive": true,
    "about_crop": 56,
    "about_family": null,
    "about_tag": null,
    "info_source": 27,
    "type_of_interaction": 0,
    "season_of_interaction": 0
  }
},
{
  "model": "rotator.cropinteraction",
  "pk": 174,
  "fields": {
    "title": "kapusty + roszponka (w)",
    "is_positive": true,
    "about_crop": 62,
    "about_family": null,
    "about_tag": null,
    "info_source": 27,
    "type_of_interaction": 0,
    "season_of_interaction": 0
  }
},
{
  "model": "rotator.cropinteraction",
  "pk": 175,
  "fields": {
    "title": "kapusty + ogórek (w)",
    "is_positive": true,
    "about_crop": 63,
    "about_family": null,
    "about_tag": null,
    "info_source": 27,
    "type_of_interaction": 0,
    "season_of_interaction": 0
  }
},
{
  "model": "rotator.cropinteraction",
  "pk": 176,
  "fields": {
    "title": "kapusty - ziemniak (w)",
    "is_positive": false,
    "about_crop": 33,
    "about_family": null,
    "about_tag": null,
    "info_source": 27,
    "type_of_interaction": 0,
    "season_of_interaction": 0
  }
},
{
  "model": "rotator.cropinteraction",
  "pk": 177,
  "fields": {
    "title": "kapusty + koper w (W)",
    "is_positive": true,
    "about_crop": 65,
    "about_family": null,
    "about_tag": null,
    "info_source": 27,
    "type_of_interaction": 0,
    "season_of_interaction": 0
  }
},
{
  "model": "rotator.cropinteraction",
  "pk": 178,
  "fields": {
    "title": "kapusty + sałata (W)",
    "is_positive": true,
    "about_crop": 68,
    "about_family": null,
    "about_tag": null,
    "info_source": 27,
    "type_of_interaction": 0,
    "season_of_interaction": 0
  }
},
{
  "model": "rotator.cropinteraction",
  "pk": 179,
  "fields": {
    "title": "kapusty + burak l (w)",
    "is_positive": true,
    "about_crop": 70,
    "about_family": null,
    "about_tag": null,
    "info_source": 27,
    "type_of_interaction": 0,
    "season_of_interaction": 0
  }
},
{
  "model": "rotator.cropinteraction",
  "pk": 180,
  "fields": {
    "title": "kapusty + marchew (W)",
    "is_positive": true,
    "about_crop": 34,
    "about_family": null,
    "about_tag": null,
    "info_source": 27,
    "type_of_interaction": 0,
    "season_of_interaction": 0
  }
},
{
  "model": "rotator.cropinteraction",
  "pk": 181,
  "fields": {
    "title": "kapusty + rabarbar (W)",
    "is_positive": true,
    "about_crop": 76,
    "about_family": null,
    "about_tag": null,
    "info_source": 27,
    "type_of_interaction": 0,
    "season_of_interaction": 0
  }
},
{
  "model": "rotator.cropinteraction",
  "pk": 182,
  "fields": {
    "title": "kapusty + burak ćwikłowy (w)",
    "is_positive": true,
    "about_crop": 77,
    "about_family": null,
    "about_tag": null,
    "info_source": 27,
    "type_of_interaction": 0,
    "season_of_interaction": 0
  }
},
{
  "model": "rotator.cropinteraction",
  "pk": 183,
  "fields": {
    "title": "kapusty + seler (W)",
    "is_positive": true,
    "about_crop": 79,
    "about_family": null,
    "about_tag": null,
    "info_source": 27,
    "type_of_interaction": 0,
    "season_of_interaction": 0
  }
},
{
  "model": "rotator.cropinteraction",
  "pk": 184,
  "fields": {
    "title": "kapusty + szpinak (w)",
    "is_positive": true,
    "about_crop": 80,
    "about_family": null,
    "about_tag": null,
    "info_source": 27,
    "type_of_interaction": 0,
    "season_of_interaction": 0
  }
},
{
  "model": "rotator.cropinteraction",
  "pk": 185,
  "fields": {
    "title": "kapusty + fasola T (w)",
    "is_positive": true,
    "about_crop": 55,
    "about_family": null,
    "about_tag": null,
    "info_source": 27,
    "type_of_interaction": 0,
    "season_of_interaction": 0
  }
},
{
  "model": "rotator.cropinteraction",
  "pk": 186,
  "fields": {
    "title": "kapusty + pomidor (w)",
    "is_positive": true,
    "about_crop": 81,
    "about_family": null,
    "about_tag": null,
    "info_source": 27,
    "type_of_interaction": 0,
    "season_of_interaction": 0
  }
},
{
  "model": "rotator.cropinteraction",
  "pk": 187,
  "fields": {
    "title": "kapusty - cebula (W)",
    "is_positive": false,
    "about_crop": 84,
    "about_family": null,
    "about_tag": null,
    "info_source": 27,
    "type_of_interaction": 0,
    "season_of_interaction": 0
  }
},
{
  "model": "rotator.cropinteraction",
  "pk": 188,
  "fields": {
    "title": "kalarepa + fasola k (W)",
    "is_positive": true,
    "about_crop": 59,
    "about_family": null,
    "about_tag": null,
    "info_source": 38,
    "type_of_interaction": 0,
    "season_of_interaction": 0
  }
},
{
  "model": "rotator.cropinteraction",
  "pk": 189,
  "fields": {
    "title": "kalarepa + cykoria endywia (W)",
    "is_positive": true,
    "about_crop": 61,
    "about_family": null,
    "about_tag": null,
    "info_source": 38,
    "type_of_interaction": 0,
    "season_of_interaction": 0
  }
},
{
  "model": "rotator.cropinteraction",
  "pk": 190,
  "fields": {
    "title": "kalarepa + groch (W)",
    "is_positive": true,
    "about_crop": 56,
    "about_family": null,
    "about_tag": null,
    "info_source": 38,
    "type_of_interaction": 0,
    "season_of_interaction": 0
  }
},
{
  "model": "rotator.cropinteraction",
  "pk": 191,
  "fields": {
    "title": "kalarepa + roszponka (w)",
    "is_positive": true,
    "about_crop": 62,
    "about_family": null,
    "about_tag": null,
    "info_source": 38,
    "type_of_interaction": 0,
    "season_of_interaction": 0
  }
},
{
  "model": "rotator.cropinteraction",
  "pk": 192,
  "fields": {
    "title": "kalarepa + ogórek (W)",
    "is_positive": true,
    "about_crop": 63,
    "about_family": null,
    "about_tag": null,
    "info_source": 38,
    "type_of_interaction": 0,
    "season_of_interaction": 0
  }
},
{
  "model": "rotator.cropinteraction",
  "pk": 193,
  "fields": {
    "title": "kalarepa + fenkuł w (W)",
    "is_positive": true,
    "about_crop": 65,
    "about_family": null,
    "about_tag": null,
    "info_source": 38,
    "type_of_interaction": 0,
    "season_of_interaction": 0
  }
},
{
  "model": "rotator.cropinteraction",
  "pk": 194,
  "fields": {
    "title": "kalarepa + szparag (W)",
    "is_positive": true,
    "about_crop": 64,
    "about_family": null,
    "about_tag": null,
    "info_source": 38,
    "type_of_interaction": 0,
    "season_of_interaction": 0
  }
},
{
  "model": "rotator.cropinteraction",
  "pk": 195,
  "fields": {
    "title": "kalarepa + ziemniak (W)",
    "is_positive": true,
    "about_crop": 33,
    "about_family": null,
    "about_tag": null,
    "info_source": 38,
    "type_of_interaction": 0,
    "season_of_interaction": 0
  }
},
{
  "model": "rotator.cropinteraction",
  "pk": 196,
  "fields": {
    "title": "kalarepa + sałata (w)",
    "is_positive": true,
    "about_crop": 68,
    "about_family": null,
    "about_tag": null,
    "info_source": 38,
    "type_of_interaction": 0,
    "season_of_interaction": 0
  }
},
{
  "model": "rotator.cropinteraction",
  "pk": 197,
  "fields": {
    "title": "kalarepa + burak liściowy (W)",
    "is_positive": true,
    "about_crop": 70,
    "about_family": null,
    "about_tag": null,
    "info_source": 38,
    "type_of_interaction": 0,
    "season_of_interaction": 0
  }
},
{
  "model": "rotator.cropinteraction",
  "pk": 198,
  "fields": {
    "title": "kalarepa + marchew (W)",
    "is_positive": true,
    "about_crop": 34,
    "about_family": null,
    "about_tag": null,
    "info_source": 38,
    "type_of_interaction": 0,
    "season_of_interaction": 0
  }
},
{
  "model": "rotator.cropinteraction",
  "pk": 199,
  "fields": {
    "title": "kalarepa + trętwian cz (W)",
    "is_positive": true,
    "about_crop": 71,
    "about_family": null,
    "about_tag": null,
    "info_source": 38,
    "type_of_interaction": 0,
    "season_of_interaction": 0
  }
},
{
  "model": "rotator.cropinteraction",
  "pk": 200,
  "fields": {
    "title": "kalarepa + papryka (W)",
    "is_positive": true,
    "about_crop": 72,
    "about_family": null,
    "about_tag": null,
    "info_source": 38,
    "type_of_interaction": 0,
    "season_of_interaction": 0
  }
},
{
  "model": "rotator.cropinteraction",
  "pk": 201,
  "fields": {
    "title": "kalarepa + rzodkiewka (W)",
    "is_positive": true,
    "about_crop": 75,
    "about_family": null,
    "about_tag": null,
    "info_source": 38,
    "type_of_interaction": 0,
    "season_of_interaction": 0
  }
},
{
  "model": "rotator.cropinteraction",
  "pk": 202,
  "fields": {
    "title": "kalarepa + rabarbar (W)",
    "is_positive": true,
    "about_crop": 76,
    "about_family": null,
    "about_tag": null,
    "info_source": 38,
    "type_of_interaction": 0,
    "season_of_interaction": 0
  }
},
{
  "model": "rotator.cropinteraction",
  "pk": 203,
  "fields": {
    "title": "kalarepa + burak ćwikłowy (W)",
    "is_positive": true,
    "about_crop": 77,
    "about_family": null,
    "about_tag": null,
    "info_source": 38,
    "type_of_interaction": 0,
    "season_of_interaction": 0
  }
},
{
  "model": "rotator.cropinteraction",
  "pk": 204,
  "fields": {
    "title": "kalarepa + wężymord ck (W)",
    "is_positive": true,
    "about_crop": 78,
    "about_family": null,
    "about_tag": null,
    "info_source": 38,
    "type_of_interaction": 0,
    "season_of_interaction": 0
  }
},
{
  "model": "rotator.cropinteraction",
  "pk": 205,
  "fields": {
    "title": "kalarepa + seler (W)",
    "is_positive": true,
    "about_crop": 79,
    "about_family": null,
    "about_tag": null,
    "info_source": 38,
    "type_of_interaction": 0,
    "season_of_interaction": 0
  }
},
{
  "model": "rotator.cropinteraction",
  "pk": 206,
  "fields": {
    "title": "kalarepa + szpinak (w)",
    "is_positive": true,
    "about_crop": 80,
    "about_family": null,
    "about_tag": null,
    "info_source": 38,
    "type_of_interaction": 0,
    "season_of_interaction": 0
  }
},
{
  "model": "rotator.cropinteraction",
  "pk": 207,
  "fields": {
    "title": "kalarepa + fasola t (W)",
    "is_positive": true,
    "about_crop": 55,
    "about_family": null,
    "about_tag": null,
    "info_source": 38,
    "type_of_interaction": 0,
    "season_of_interaction": 0
  }
},
{
  "model": "rotator.cropinteraction",
  "pk": 208,
  "fields": {
    "title": "kalarepa + pomidor (W)",
    "is_positive": true,
    "about_crop": 81,
    "about_family": null,
    "about_tag": null,
    "info_source": 38,
    "type_of_interaction": 0,
    "season_of_interaction": 0
  }
},
{
  "model": "rotator.cropinteraction",
  "pk": 209,
  "fields": {
    "title": "kalarepa + cebula (W)",
    "is_positive": true,
    "about_crop": 84,
    "about_family": null,
    "about_tag": null,
    "info_source": 38,
    "type_of_interaction": 0,
    "season_of_interaction": 0
  }
},
{
  "model": "rotator.cropinteraction",
  "pk": 210,
  "fields": {
    "title": "sałata + karczoch",
    "is_positive": true,
    "about_crop": 58,
    "about_family": null,
    "about_tag": null,
    "info_source": 37,
    "type_of_interaction": 0,
    "season_of_interaction": 0
  }
},
{
  "model": "rotator.cropinteraction",
  "pk": 211,
  "fields": {
    "title": "sałata + fasola K (W)",
    "is_positive": true,
    "about_crop": 59,
    "about_family": null,
    "about_tag": null,
    "info_source": 37,
    "type_of_interaction": 0,
    "season_of_interaction": 0
  }
},
{
  "model": "rotator.cropinteraction",
  "pk": 212,
  "fields": {
    "title": "sałata + kapusta chińska (W)",
    "is_positive": true,
    "about_crop": 60,
    "about_family": null,
    "about_tag": null,
    "info_source": 37,
    "type_of_interaction": 0,
    "season_of_interaction": 0
  }
},
{
  "model": "rotator.cropinteraction",
  "pk": 213,
  "fields": {
    "title": "sałata + groch (w)",
    "is_positive": true,
    "about_crop": 56,
    "about_family": null,
    "about_tag": null,
    "info_source": 37,
    "type_of_interaction": 0,
    "season_of_interaction": 0
  }
},
{
  "model": "rotator.cropinteraction",
  "pk": 214,
  "fields": {
    "title": "Aksamitki - Bobowate (A)",
    "is_positive": false,
    "about_crop": null,
    "about_family": 4,
    "about_tag": null,
    "info_source": 39,
    "type_of_interaction": 1,
    "season_of_interaction": 0
  }
},
{
  "model": "rotator.cropinteraction",
  "pk": 215,
  "fields": {
    "title": "Aksamitki - Strączkowe (A)",
    "is_positive": false,
    "about_crop": null,
    "about_family": 10,
    "about_tag": null,
    "info_source": 39,
    "type_of_interaction": 1,
    "season_of_interaction": 0
  }
},
{
  "model": "rotator.cropinteraction",
  "pk": 216,
  "fields": {
    "title": "sałata + ogórek (W)",
    "is_positive": true,
    "about_crop": 63,
    "about_family": null,
    "about_tag": null,
    "info_source": 37,
    "type_of_interaction": 0,
    "season_of_interaction": 0
  }
},
{
  "model": "rotator.cropinteraction",
  "pk": 217,
  "fields": {
    "title": "sałata + szparag (W)",
    "is_positive": true,
    "about_crop": 64,
    "about_family": null,
    "about_tag": null,
    "info_source": 37,
    "type_of_interaction": 0,
    "season_of_interaction": 0
  }
},
{
  "model": "rotator.cropinteraction",
  "pk": 218,
  "fields": {
    "title": "sałata + fenkuł w (W)",
    "is_positive": true,
    "about_crop": 65,
    "about_family": null,
    "about_tag": null,
    "info_source": 37,
    "type_of_interaction": 0,
    "season_of_interaction": 0
  }
},
{
  "model": "rotator.cropinteraction",
  "pk": 219,
  "fields": {
    "title": "sałata + kapusty (W)",
    "is_positive": true,
    "about_crop": 66,
    "about_family": null,
    "about_tag": null,
    "info_source": 37,
    "type_of_interaction": 0,
    "season_of_interaction": 0
  }
},
{
  "model": "rotator.cropinteraction",
  "pk": 220,
  "fields": {
    "title": "sałata + kalarepa (W)",
    "is_positive": true,
    "about_crop": 67,
    "about_family": null,
    "about_tag": null,
    "info_source": 37,
    "type_of_interaction": 0,
    "season_of_interaction": 0
  }
},
{
  "model": "rotator.cropinteraction",
  "pk": 221,
  "fields": {
    "title": "sałata + rzepa (W)",
    "is_positive": true,
    "about_crop": 69,
    "about_family": null,
    "about_tag": null,
    "info_source": 37,
    "type_of_interaction": 0,
    "season_of_interaction": 0
  }
},
{
  "model": "rotator.cropinteraction",
  "pk": 222,
  "fields": {
    "title": "sałata + burak liściowy (W)",
    "is_positive": true,
    "about_crop": 70,
    "about_family": null,
    "about_tag": null,
    "info_source": 37,
    "type_of_interaction": 0,
    "season_of_interaction": 0
  }
},
{
  "model": "rotator.cropinteraction",
  "pk": 223,
  "fields": {
    "title": "sałata + marchew (W)",
    "is_positive": true,
    "about_crop": 34,
    "about_family": null,
    "about_tag": null,
    "info_source": 37,
    "type_of_interaction": 0,
    "season_of_interaction": 0
  }
},
{
  "model": "rotator.cropinteraction",
  "pk": 224,
  "fields": {
    "title": "sałata + trętwian (W)",
    "is_positive": true,
    "about_crop": 71,
    "about_family": null,
    "about_tag": null,
    "info_source": 37,
    "type_of_interaction": 0,
    "season_of_interaction": 0
  }
},
{
  "model": "rotator.cropinteraction",
  "pk": 225,
  "fields": {
    "title": "sałata + pasternak (w)",
    "is_positive": true,
    "about_crop": 73,
    "about_family": null,
    "about_tag": null,
    "info_source": 37,
    "type_of_interaction": 0,
    "season_of_interaction": 0
  }
},
{
  "model": "rotator.cropinteraction",
  "pk": 226,
  "fields": {
    "title": "sałata + por (W)",
    "is_positive": true,
    "about_crop": 74,
    "about_family": null,
    "about_tag": null,
    "info_source": 37,
    "type_of_interaction": 0,
    "season_of_interaction": 0
  }
},
{
  "model": "rotator.cropinteraction",
  "pk": 227,
  "fields": {
    "title": "sałata + rzodkiewka (W)",
    "is_positive": true,
    "about_crop": 75,
    "about_family": null,
    "about_tag": null,
    "info_source": 37,
    "type_of_interaction": 0,
    "season_of_interaction": 0
  }
},
{
  "model": "rotator.cropinteraction",
  "pk": 228,
  "fields": {
    "title": "sałata + rabarbar (W)",
    "is_positive": true,
    "about_crop": 76,
    "about_family": null,
    "about_tag": null,
    "info_source": 37,
    "type_of_interaction": 0,
    "season_of_interaction": 0
  }
},
{
  "model": "rotator.cropinteraction",
  "pk": 229,
  "fields": {
    "title": "sałata + burak ćwikłowy (w)",
    "is_positive": true,
    "about_crop": 77,
    "about_family": null,
    "about_tag": null,
    "info_source": 37,
    "type_of_interaction": 0,
    "season_of_interaction": 0
  }
},
{
  "model": "rotator.cropinteraction",
  "pk": 230,
  "fields": {
    "title": "sałata + wężymord (w)",
    "is_positive": true,
    "about_crop": 78,
    "about_family": null,
    "about_tag": null,
    "info_source": 37,
    "type_of_interaction": 0,
    "season_of_interaction": 0
  }
},
{
  "model": "rotator.cropinteraction",
  "pk": 231,
  "fields": {
    "title": "sałata + fasola t (W)",
    "is_positive": true,
    "about_crop": 55,
    "about_family": null,
    "about_tag": null,
    "info_source": 37,
    "type_of_interaction": 0,
    "season_of_interaction": 0
  }
},
{
  "model": "rotator.cropinteraction",
  "pk": 232,
  "fields": {
    "title": "sałata + pomidor (W)",
    "is_positive": true,
    "about_crop": 81,
    "about_family": null,
    "about_tag": null,
    "info_source": 37,
    "type_of_interaction": 0,
    "season_of_interaction": 0
  }
},
{
  "model": "rotator.cropinteraction",
  "pk": 233,
  "fields": {
    "title": "sałata + cykoria sałatowa (W)",
    "is_positive": true,
    "about_crop": 82,
    "about_family": null,
    "about_tag": null,
    "info_source": 37,
    "type_of_interaction": 0,
    "season_of_interaction": 0
  }
},
{
  "model": "rotator.cropinteraction",
  "pk": 234,
  "fields": {
    "title": "sałata + cukinia (W)",
    "is_positive": true,
    "about_crop": 83,
    "about_family": null,
    "about_tag": null,
    "info_source": 37,
    "type_of_interaction": 0,
    "season_of_interaction": 0
  }
},
{
  "model": "rotator.cropinteraction",
  "pk": 235,
  "fields": {
    "title": "sałata + kukurydza (w)",
    "is_positive": true,
    "about_crop": 18,
    "about_family": null,
    "about_tag": null,
    "info_source": 37,
    "type_of_interaction": 0,
    "season_of_interaction": 0
  }
},
{
  "model": "rotator.cropinteraction",
  "pk": 236,
  "fields": {
    "title": "sałata + cebula (W)",
    "is_positive": true,
    "about_crop": 84,
    "about_family": null,
    "about_tag": null,
    "info_source": 37,
    "type_of_interaction": 0,
    "season_of_interaction": 0
  }
},
{
  "model": "rotator.cropinteraction",
  "pk": 237,
  "fields": {
    "title": "rzepa + fasola k (W)",
    "is_positive": true,
    "about_crop": 59,
    "about_family": null,
    "about_tag": null,
    "info_source": 29,
    "type_of_interaction": 0,
    "season_of_interaction": 0
  }
},
{
  "model": "rotator.cropinteraction",
  "pk": 238,
  "fields": {
    "title": "rzepa + groch (W)",
    "is_positive": true,
    "about_crop": 56,
    "about_family": null,
    "about_tag": null,
    "info_source": 40,
    "type_of_interaction": 0,
    "season_of_interaction": 0
  }
},
{
  "model": "rotator.cropinteraction",
  "pk": 239,
  "fields": {
    "title": "rzepa + sałata (W)",
    "is_positive": true,
    "about_crop": 68,
    "about_family": null,
    "about_tag": null,
    "info_source": 40,
    "type_of_interaction": 0,
    "season_of_interaction": 0
  }
},
{
  "model": "rotator.cropinteraction",
  "pk": 240,
  "fields": {
    "title": "rzepa + burak liściowy (W)",
    "is_positive": true,
    "about_crop": 70,
    "about_family": null,
    "about_tag": null,
    "info_source": 40,
    "type_of_interaction": 0,
    "season_of_interaction": 0
  }
},
{
  "model": "rotator.cropinteraction",
  "pk": 241,
  "fields": {
    "title": "rzepa + pasternak (W)",
    "is_positive": true,
    "about_crop": 73,
    "about_family": null,
    "about_tag": null,
    "info_source": 40,
    "type_of_interaction": 0,
    "season_of_interaction": 0
  }
},
{
  "model": "rotator.cropinteraction",
  "pk": 242,
  "fields": {
    "title": "rzepa + szpinak (W)",
    "is_positive": true,
    "about_crop": 80,
    "about_family": null,
    "about_tag": null,
    "info_source": 40,
    "type_of_interaction": 0,
    "season_of_interaction": 0
  }
},
{
  "model": "rotator.cropinteraction",
  "pk": 243,
  "fields": {
    "title": "rzepa + fasola t (w)",
    "is_positive": true,
    "about_crop": 55,
    "about_family": null,
    "about_tag": null,
    "info_source": 40,
    "type_of_interaction": 0,
    "season_of_interaction": 0
  }
},
{
  "model": "rotator.cropinteraction",
  "pk": 244,
  "fields": {
    "title": "burak l + fasola k (W)",
    "is_positive": true,
    "about_crop": 59,
    "about_family": null,
    "about_tag": null,
    "info_source": 41,
    "type_of_interaction": 0,
    "season_of_interaction": 0
  }
},
{
  "model": "rotator.cropinteraction",
  "pk": 245,
  "fields": {
    "title": "burak l + kapusty (W)",
    "is_positive": true,
    "about_crop": 66,
    "about_family": null,
    "about_tag": null,
    "info_source": 41,
    "type_of_interaction": 0,
    "season_of_interaction": 0
  }
},
{
  "model": "rotator.cropinteraction",
  "pk": 246,
  "fields": {
    "title": "burak l + rzepa (W)",
    "is_positive": true,
    "about_crop": 69,
    "about_family": null,
    "about_tag": null,
    "info_source": 41,
    "type_of_interaction": 0,
    "season_of_interaction": 0
  }
},
{
  "model": "rotator.cropinteraction",
  "pk": 247,
  "fields": {
    "title": "burak l + marchew (W)",
    "is_positive": true,
    "about_crop": 34,
    "about_family": null,
    "about_tag": null,
    "info_source": 41,
    "type_of_interaction": 0,
    "season_of_interaction": 0
  }
},
{
  "model": "rotator.cropinteraction",
  "pk": 248,
  "fields": {
    "title": "burak l + rzodkiewka (W)",
    "is_positive": true,
    "about_crop": 75,
    "about_family": null,
    "about_tag": null,
    "info_source": 41,
    "type_of_interaction": 0,
    "season_of_interaction": 0
  }
},
{
  "model": "rotator.cropinteraction",
  "pk": 249,
  "fields": {
    "title": "marchew - fasola k (w)",
    "is_positive": false,
    "about_crop": 59,
    "about_family": null,
    "about_tag": null,
    "info_source": 42,
    "type_of_interaction": 0,
    "season_of_interaction": 0
  }
},
{
  "model": "rotator.cropinteraction",
  "pk": 250,
  "fields": {
    "title": "marchew + kapusta chińska (W)",
    "is_positive": true,
    "about_crop": 60,
    "about_family": null,
    "about_tag": null,
    "info_source": 42,
    "type_of_interaction": 0,
    "season_of_interaction": 0
  }
},
{
  "model": "rotator.cropinteraction",
  "pk": 251,
  "fields": {
    "title": "marchew + cykoria endywia (W)",
    "is_positive": true,
    "about_crop": 61,
    "about_family": null,
    "about_tag": null,
    "info_source": 42,
    "type_of_interaction": 0,
    "season_of_interaction": 0
  }
},
{
  "model": "rotator.cropinteraction",
  "pk": 252,
  "fields": {
    "title": "marchew + groch (W)",
    "is_positive": true,
    "about_crop": 56,
    "about_family": null,
    "about_tag": null,
    "info_source": 42,
    "type_of_interaction": 0,
    "season_of_interaction": 0
  }
},
{
  "model": "rotator.cropinteraction",
  "pk": 253,
  "fields": {
    "title": "marchew + szparag (w)",
    "is_positive": true,
    "about_crop": 64,
    "about_family": null,
    "about_tag": null,
    "info_source": 42,
    "type_of_interaction": 0,
    "season_of_interaction": 0
  }
},
{
  "model": "rotator.cropinteraction",
  "pk": 254,
  "fields": {
    "title": "marchew + kapusty (w)",
    "is_positive": true,
    "about_crop": 66,
    "about_family": null,
    "about_tag": null,
    "info_source": 42,
    "type_of_interaction": 0,
    "season_of_interaction": 0
  }
},
{
  "model": "rotator.cropinteraction",
  "pk": 255,
  "fields": {
    "title": "marchew + burak liściowy (W)",
    "is_positive": true,
    "about_crop": 70,
    "about_family": null,
    "about_tag": null,
    "info_source": 42,
    "type_of_interaction": 0,
    "season_of_interaction": 0
  }
},
{
  "model": "rotator.cropinteraction",
  "pk": 256,
  "fields": {
    "title": "marchew + por (w)",
    "is_positive": true,
    "about_crop": 74,
    "about_family": null,
    "about_tag": null,
    "info_source": 42,
    "type_of_interaction": 0,
    "season_of_interaction": 0
  }
},
{
  "model": "rotator.cropinteraction",
  "pk": 257,
  "fields": {
    "title": "marchew + rzodkiewka (W)",
    "is_positive": true,
    "about_crop": 75,
    "about_family": null,
    "about_tag": null,
    "info_source": 42,
    "type_of_interaction": 0,
    "season_of_interaction": 0
  }
},
{
  "model": "rotator.cropinteraction",
  "pk": 258,
  "fields": {
    "title": "marchew - burak ćwikłowy (W)",
    "is_positive": false,
    "about_crop": 77,
    "about_family": null,
    "about_tag": null,
    "info_source": 42,
    "type_of_interaction": 0,
    "season_of_interaction": 0
  }
},
{
  "model": "rotator.cropinteraction",
  "pk": 259,
  "fields": {
    "title": "marchew + wężymord (W)",
    "is_positive": true,
    "about_crop": 78,
    "about_family": null,
    "about_tag": null,
    "info_source": 42,
    "type_of_interaction": 0,
    "season_of_interaction": 0
  }
},
{
  "model": "rotator.cropinteraction",
  "pk": 260,
  "fields": {
    "title": "marchew + seler (W)",
    "is_positive": true,
    "about_crop": 79,
    "about_family": null,
    "about_tag": null,
    "info_source": 42,
    "type_of_interaction": 0,
    "season_of_interaction": 0
  }
},
{
  "model": "rotator.cropinteraction",
  "pk": 261,
  "fields": {
    "title": "marchew + szpinak (W)",
    "is_positive": true,
    "about_crop": 80,
    "about_family": null,
    "about_tag": null,
    "info_source": 42,
    "type_of_interaction": 0,
    "season_of_interaction": 0
  }
},
{
  "model": "rotator.cropinteraction",
  "pk": 262,
  "fields": {
    "title": "marchew - pomidor (W)",
    "is_positive": false,
    "about_crop": 81,
    "about_family": null,
    "about_tag": null,
    "info_source": 42,
    "type_of_interaction": 0,
    "season_of_interaction": 0
  }
},
{
  "model": "rotator.cropinteraction",
  "pk": 263,
  "fields": {
    "title": "marchew + cykoria sałatowa (W)",
    "is_positive": true,
    "about_crop": 82,
    "about_family": null,
    "about_tag": null,
    "info_source": 42,
    "type_of_interaction": 0,
    "season_of_interaction": 0
  }
},
{
  "model": "rotator.cropinteraction",
  "pk": 264,
  "fields": {
    "title": "marchew - cebula (W)",
    "is_positive": false,
    "about_crop": 84,
    "about_family": null,
    "about_tag": null,
    "info_source": 42,
    "type_of_interaction": 0,
    "season_of_interaction": 0
  }
},
{
  "model": "rotator.cropinteraction",
  "pk": 265,
  "fields": {
    "title": "trętwian + pomidor (W)",
    "is_positive": true,
    "about_crop": 81,
    "about_family": null,
    "about_tag": null,
    "info_source": 43,
    "type_of_interaction": 0,
    "season_of_interaction": 0
  }
},
{
  "model": "rotator.cropinteraction",
  "pk": 266,
  "fields": {
    "title": "papryka + kalarepa (W)",
    "is_positive": true,
    "about_crop": 67,
    "about_family": null,
    "about_tag": null,
    "info_source": 44,
    "type_of_interaction": 0,
    "season_of_interaction": 0
  }
},
{
  "model": "rotator.cropinteraction",
  "pk": 267,
  "fields": {
    "title": "papryka + pomidor (W)",
    "is_positive": true,
    "about_crop": 81,
    "about_family": null,
    "about_tag": null,
    "info_source": 44,
    "type_of_interaction": 0,
    "season_of_interaction": 0
  }
},
{
  "model": "rotator.cropinteraction",
  "pk": 268,
  "fields": {
    "title": "pasternak + ziemniak (W)",
    "is_positive": true,
    "about_crop": 33,
    "about_family": null,
    "about_tag": null,
    "info_source": 45,
    "type_of_interaction": 0,
    "season_of_interaction": 0
  }
},
{
  "model": "rotator.cropinteraction",
  "pk": 269,
  "fields": {
    "title": "pasternak + rzepa (W)",
    "is_positive": true,
    "about_crop": 69,
    "about_family": null,
    "about_tag": null,
    "info_source": 45,
    "type_of_interaction": 0,
    "season_of_interaction": 0
  }
},
{
  "model": "rotator.cropinteraction",
  "pk": 270,
  "fields": {
    "title": "pasternak + rzodkiewka",
    "is_positive": true,
    "about_crop": 75,
    "about_family": null,
    "about_tag": null,
    "info_source": 45,
    "type_of_interaction": 0,
    "season_of_interaction": 0
  }
},
{
  "model": "rotator.cropinteraction",
  "pk": 271,
  "fields": {
    "title": "pasternak + burak ćwikłowy (W)",
    "is_positive": true,
    "about_crop": 77,
    "about_family": null,
    "about_tag": null,
    "info_source": 45,
    "type_of_interaction": 0,
    "season_of_interaction": 0
  }
},
{
  "model": "rotator.cropinteraction",
  "pk": 272,
  "fields": {
    "title": "pasternak + seler",
    "is_positive": true,
    "about_crop": 79,
    "about_family": null,
    "about_tag": null,
    "info_source": 45,
    "type_of_interaction": 0,
    "season_of_interaction": 0
  }
},
{
  "model": "rotator.cropinteraction",
  "pk": 273,
  "fields": {
    "title": "pasternak + szpinak (W)",
    "is_positive": true,
    "about_crop": 80,
    "about_family": null,
    "about_tag": null,
    "info_source": 45,
    "type_of_interaction": 0,
    "season_of_interaction": 0
  }
},
{
  "model": "rotator.cropinteraction",
  "pk": 274,
  "fields": {
    "title": "pasternak + cebula (W)",
    "is_positive": true,
    "about_crop": 84,
    "about_family": null,
    "about_tag": null,
    "info_source": 45,
    "type_of_interaction": 0,
    "season_of_interaction": 0
  }
},
{
  "model": "rotator.cropinteraction",
  "pk": 275,
  "fields": {
    "title": "por - fasola k (W)",
    "is_positive": false,
    "about_crop": 59,
    "about_family": null,
    "about_tag": null,
    "info_source": 46,
    "type_of_interaction": 0,
    "season_of_interaction": 0
  }
},
{
  "model": "rotator.cropinteraction",
  "pk": 276,
  "fields": {
    "title": "por - kapusta chińska (W)",
    "is_positive": false,
    "about_crop": 60,
    "about_family": null,
    "about_tag": null,
    "info_source": 46,
    "type_of_interaction": 0,
    "season_of_interaction": 0
  }
},
{
  "model": "rotator.cropinteraction",
  "pk": 277,
  "fields": {
    "title": "por + cykoria endywia (W)",
    "is_positive": true,
    "about_crop": 61,
    "about_family": null,
    "about_tag": null,
    "info_source": 46,
    "type_of_interaction": 0,
    "season_of_interaction": 0
  }
},
{
  "model": "rotator.cropinteraction",
  "pk": 278,
  "fields": {
    "title": "por - groch (w)",
    "is_positive": false,
    "about_crop": 56,
    "about_family": null,
    "about_tag": null,
    "info_source": 46,
    "type_of_interaction": 0,
    "season_of_interaction": 0
  }
},
{
  "model": "rotator.cropinteraction",
  "pk": 279,
  "fields": {
    "title": "por + roszponka (W)",
    "is_positive": true,
    "about_crop": 62,
    "about_family": null,
    "about_tag": null,
    "info_source": 46,
    "type_of_interaction": 0,
    "season_of_interaction": 0
  }
},
{
  "model": "rotator.cropinteraction",
  "pk": 280,
  "fields": {
    "title": "por + kalarepa (W)",
    "is_positive": true,
    "about_crop": 67,
    "about_family": null,
    "about_tag": null,
    "info_source": 46,
    "type_of_interaction": 0,
    "season_of_interaction": 0
  }
},
{
  "model": "rotator.cropinteraction",
  "pk": 281,
  "fields": {
    "title": "por + sałata (W)",
    "is_positive": true,
    "about_crop": 68,
    "about_family": null,
    "about_tag": null,
    "info_source": 46,
    "type_of_interaction": 0,
    "season_of_interaction": 0
  }
},
{
  "model": "rotator.cropinteraction",
  "pk": 282,
  "fields": {
    "title": "por + rzodkiewka (W)",
    "is_positive": true,
    "about_crop": 75,
    "about_family": null,
    "about_tag": null,
    "info_source": 46,
    "type_of_interaction": 0,
    "season_of_interaction": 0
  }
},
{
  "model": "rotator.cropinteraction",
  "pk": 283,
  "fields": {
    "title": "por - burak ćwikłowy (w)",
    "is_positive": false,
    "about_crop": 77,
    "about_family": null,
    "about_tag": null,
    "info_source": 46,
    "type_of_interaction": 0,
    "season_of_interaction": 0
  }
},
{
  "model": "rotator.cropinteraction",
  "pk": 284,
  "fields": {
    "title": "por + skorzonera (W)",
    "is_positive": true,
    "about_crop": 78,
    "about_family": null,
    "about_tag": null,
    "info_source": 46,
    "type_of_interaction": 0,
    "season_of_interaction": 0
  }
},
{
  "model": "rotator.cropinteraction",
  "pk": 285,
  "fields": {
    "title": "por + seler (W)",
    "is_positive": true,
    "about_crop": 79,
    "about_family": null,
    "about_tag": null,
    "info_source": 46,
    "type_of_interaction": 0,
    "season_of_interaction": 0
  }
},
{
  "model": "rotator.cropinteraction",
  "pk": 286,
  "fields": {
    "title": "por + szpinak (W)",
    "is_positive": true,
    "about_crop": 80,
    "about_family": null,
    "about_tag": null,
    "info_source": 46,
    "type_of_interaction": 0,
    "season_of_interaction": 0
  }
},
{
  "model": "rotator.cropinteraction",
  "pk": 287,
  "fields": {
    "title": "por - fasola T (w)",
    "is_positive": false,
    "about_crop": 55,
    "about_family": null,
    "about_tag": null,
    "info_source": 46,
    "type_of_interaction": 0,
    "season_of_interaction": 0
  }
},
{
  "model": "rotator.cropinteraction",
  "pk": 288,
  "fields": {
    "title": "por + pomidor (W)",
    "is_positive": true,
    "about_crop": 81,
    "about_family": null,
    "about_tag": null,
    "info_source": 46,
    "type_of_interaction": 0,
    "season_of_interaction": 0
  }
},
{
  "model": "rotator.cropinteraction",
  "pk": 289,
  "fields": {
    "title": "szparag + pomidory (W)",
    "is_positive": true,
    "about_crop": 81,
    "about_family": null,
    "about_tag": null,
    "info_source": 47,
    "type_of_interaction": 0,
    "season_of_interaction": 0
  }
},
{
  "model": "rotator.cropinteraction",
  "pk": 290,
  "fields": {
    "title": "wyka bóg + kultywary kapusty (W)",
    "is_positive": true,
    "about_crop": 66,
    "about_family": null,
    "about_tag": null,
    "info_source": 49,
    "type_of_interaction": 0,
    "season_of_interaction": 0
  }
},
{
  "model": "rotator.cropinteraction",
  "pk": 291,
  "fields": {
    "title": "rzodkiewka + fasola k (W)",
    "is_positive": true,
    "about_crop": 59,
    "about_family": null,
    "about_tag": null,
    "info_source": 48,
    "type_of_interaction": 0,
    "season_of_interaction": 0
  }
},
{
  "model": "rotator.cropinteraction",
  "pk": 292,
  "fields": {
    "title": "rzodkiewka - kapusta chińska (W)",
    "is_positive": false,
    "about_crop": 60,
    "about_family": null,
    "about_tag": null,
    "info_source": 48,
    "type_of_interaction": 0,
    "season_of_interaction": 0
  }
},
{
  "model": "rotator.cropinteraction",
  "pk": 293,
  "fields": {
    "title": "rzodkiewka + cykoria endywia (W)",
    "is_positive": true,
    "about_crop": 61,
    "about_family": null,
    "about_tag": null,
    "info_source": 48,
    "type_of_interaction": 0,
    "season_of_interaction": 0
  }
},
{
  "model": "rotator.cropinteraction",
  "pk": 294,
  "fields": {
    "title": "rzodkiewka + groch (W)",
    "is_positive": true,
    "about_crop": 56,
    "about_family": null,
    "about_tag": null,
    "info_source": 48,
    "type_of_interaction": 0,
    "season_of_interaction": 0
  }
},
{
  "model": "rotator.cropinteraction",
  "pk": 295,
  "fields": {
    "title": "rzodkiewka + roszponka (W)",
    "is_positive": true,
    "about_crop": 62,
    "about_family": null,
    "about_tag": null,
    "info_source": 48,
    "type_of_interaction": 0,
    "season_of_interaction": 0
  }
},
{
  "model": "rotator.cropinteraction",
  "pk": 296,
  "fields": {
    "title": "rzodkiewka - ogórek (W)",
    "is_positive": false,
    "about_crop": 63,
    "about_family": null,
    "about_tag": null,
    "info_source": 48,
    "type_of_interaction": 0,
    "season_of_interaction": 0
  }
},
{
  "model": "rotator.cropinteraction",
  "pk": 297,
  "fields": {
    "title": "rzodkiewka + szparag",
    "is_positive": true,
    "about_crop": 64,
    "about_family": null,
    "about_tag": null,
    "info_source": 48,
    "type_of_interaction": 0,
    "season_of_interaction": 0
  }
},
{
  "model": "rotator.cropinteraction",
  "pk": 298,
  "fields": {
    "title": "rzodkiewka + kultywary kapusty (W)",
    "is_positive": true,
    "about_crop": 66,
    "about_family": null,
    "about_tag": null,
    "info_source": 48,
    "type_of_interaction": 0,
    "season_of_interaction": 0
  }
},
{
  "model": "rotator.cropinteraction",
  "pk": 299,
  "fields": {
    "title": "rzodkiewka + kalarepa (w)",
    "is_positive": true,
    "about_crop": 67,
    "about_family": null,
    "about_tag": null,
    "info_source": 48,
    "type_of_interaction": 0,
    "season_of_interaction": 0
  }
},
{
  "model": "rotator.cropinteraction",
  "pk": 300,
  "fields": {
    "title": "rzodkiewka + sałata (W)",
    "is_positive": true,
    "about_crop": 68,
    "about_family": null,
    "about_tag": null,
    "info_source": 48,
    "type_of_interaction": 0,
    "season_of_interaction": 0
  }
},
{
  "model": "rotator.cropinteraction",
  "pk": 301,
  "fields": {
    "title": "rzodkiewka + burak liściowy (W)",
    "is_positive": true,
    "about_crop": 70,
    "about_family": null,
    "about_tag": null,
    "info_source": 48,
    "type_of_interaction": 0,
    "season_of_interaction": 0
  }
},
{
  "model": "rotator.cropinteraction",
  "pk": 302,
  "fields": {
    "title": "rzodkiewka + marchew (W)",
    "is_positive": true,
    "about_crop": 34,
    "about_family": null,
    "about_tag": null,
    "info_source": 48,
    "type_of_interaction": 0,
    "season_of_interaction": 0
  }
},
{
  "model": "rotator.cropinteraction",
  "pk": 303,
  "fields": {
    "title": "rzodkiewka + trętwian cz (W)",
    "is_positive": true,
    "about_crop": 71,
    "about_family": null,
    "about_tag": null,
    "info_source": 48,
    "type_of_interaction": 0,
    "season_of_interaction": 0
  }
},
{
  "model": "rotator.cropinteraction",
  "pk": 304,
  "fields": {
    "title": "rzodkiewka + pasternak (W)",
    "is_positive": true,
    "about_crop": 73,
    "about_family": null,
    "about_tag": null,
    "info_source": 48,
    "type_of_interaction": 0,
    "season_of_interaction": 0
  }
},
{
  "model": "rotator.cropinteraction",
  "pk": 305,
  "fields": {
    "title": "rzodkiewka + por (W)",
    "is_positive": true,
    "about_crop": 74,
    "about_family": null,
    "about_tag": null,
    "info_source": 48,
    "type_of_interaction": 0,
    "season_of_interaction": 0
  }
},
{
  "model": "rotator.cropinteraction",
  "pk": 306,
  "fields": {
    "title": "rzodkiewka + burak ćwikłowy (W)",
    "is_positive": true,
    "about_crop": 77,
    "about_family": null,
    "about_tag": null,
    "info_source": 48,
    "type_of_interaction": 0,
    "season_of_interaction": 0
  }
},
{
  "model": "rotator.cropinteraction",
  "pk": 307,
  "fields": {
    "title": "rzodkiewka + szpinak (W)",
    "is_positive": true,
    "about_crop": 80,
    "about_family": null,
    "about_tag": null,
    "info_source": 48,
    "type_of_interaction": 0,
    "season_of_interaction": 0
  }
},
{
  "model": "rotator.cropinteraction",
  "pk": 308,
  "fields": {
    "title": "rzodkiewka + fasola t (W)",
    "is_positive": true,
    "about_crop": 55,
    "about_family": null,
    "about_tag": null,
    "info_source": 48,
    "type_of_interaction": 0,
    "season_of_interaction": 0
  }
},
{
  "model": "rotator.cropinteraction",
  "pk": 309,
  "fields": {
    "title": "rzodkiewka + pomidor (W)",
    "is_positive": true,
    "about_crop": 81,
    "about_family": null,
    "about_tag": null,
    "info_source": 48,
    "type_of_interaction": 0,
    "season_of_interaction": 0
  }
},
{
  "model": "rotator.cropinteraction",
  "pk": 310,
  "fields": {
    "title": "rabarbar + fasola k (W)",
    "is_positive": true,
    "about_crop": 59,
    "about_family": null,
    "about_tag": null,
    "info_source": 50,
    "type_of_interaction": 0,
    "season_of_interaction": 0
  }
},
{
  "model": "rotator.cropinteraction",
  "pk": 311,
  "fields": {
    "title": "rabarbar + groch (W)",
    "is_positive": true,
    "about_crop": 56,
    "about_family": null,
    "about_tag": null,
    "info_source": 50,
    "type_of_interaction": 0,
    "season_of_interaction": 0
  }
},
{
  "model": "rotator.cropinteraction",
  "pk": 312,
  "fields": {
    "title": "rabarbar + roszponka (W)",
    "is_positive": true,
    "about_crop": 62,
    "about_family": null,
    "about_tag": null,
    "info_source": 50,
    "type_of_interaction": 0,
    "season_of_interaction": 0
  }
},
{
  "model": "rotator.cropinteraction",
  "pk": 313,
  "fields": {
    "title": "rabarbar + kapusty (W)",
    "is_positive": true,
    "about_crop": 66,
    "about_family": null,
    "about_tag": null,
    "info_source": 50,
    "type_of_interaction": 0,
    "season_of_interaction": 0
  }
},
{
  "model": "rotator.cropinteraction",
  "pk": 314,
  "fields": {
    "title": "rabarbar + sałata (W)",
    "is_positive": true,
    "about_crop": 68,
    "about_family": null,
    "about_tag": null,
    "info_source": 50,
    "type_of_interaction": 0,
    "season_of_interaction": 0
  }
},
{
  "model": "rotator.cropinteraction",
  "pk": 315,
  "fields": {
    "title": "rabarbar + szpinak (W)",
    "is_positive": true,
    "about_crop": 80,
    "about_family": null,
    "about_tag": null,
    "info_source": 50,
    "type_of_interaction": 0,
    "season_of_interaction": 0
  }
},
{
  "model": "rotator.cropinteraction",
  "pk": 316,
  "fields": {
    "title": "burak ćwikłowy + marchew (W)",
    "is_positive": true,
    "about_crop": 34,
    "about_family": null,
    "about_tag": null,
    "info_source": 51,
    "type_of_interaction": 0,
    "season_of_interaction": 0
  }
},
{
  "model": "rotator.cropinteraction",
  "pk": 317,
  "fields": {
    "title": "burak ćwikłowy + groch (W)",
    "is_positive": true,
    "about_crop": 56,
    "about_family": null,
    "about_tag": null,
    "info_source": 51,
    "type_of_interaction": 0,
    "season_of_interaction": 0
  }
},
{
  "model": "rotator.cropinteraction",
  "pk": 318,
  "fields": {
    "title": "burak ćwikłowy + ogórek (W)",
    "is_positive": true,
    "about_crop": 63,
    "about_family": null,
    "about_tag": null,
    "info_source": 51,
    "type_of_interaction": 0,
    "season_of_interaction": 0
  }
},
{
  "model": "rotator.cropinteraction",
  "pk": 319,
  "fields": {
    "title": "burak ćwikłowy - ziemniak (w)",
    "is_positive": false,
    "about_crop": 33,
    "about_family": null,
    "about_tag": null,
    "info_source": 51,
    "type_of_interaction": 0,
    "season_of_interaction": 0
  }
},
{
  "model": "rotator.cropinteraction",
  "pk": 320,
  "fields": {
    "title": "burak ćwikłowy + kapusty (W)",
    "is_positive": true,
    "about_crop": 66,
    "about_family": null,
    "about_tag": null,
    "info_source": 51,
    "type_of_interaction": 0,
    "season_of_interaction": 0
  }
},
{
  "model": "rotator.cropinteraction",
  "pk": 321,
  "fields": {
    "title": "burak ćwikłowy + kalarepa (W)",
    "is_positive": true,
    "about_crop": 67,
    "about_family": null,
    "about_tag": null,
    "info_source": 51,
    "type_of_interaction": 0,
    "season_of_interaction": 0
  }
},
{
  "model": "rotator.cropinteraction",
  "pk": 322,
  "fields": {
    "title": "burak ćwikłowy - burak liściowy (W)",
    "is_positive": false,
    "about_crop": 70,
    "about_family": null,
    "about_tag": null,
    "info_source": 51,
    "type_of_interaction": 0,
    "season_of_interaction": 0
  }
},
{
  "model": "rotator.cropinteraction",
  "pk": 323,
  "fields": {
    "title": "burak ćwikłowy + pasternak (w)",
    "is_positive": true,
    "about_crop": 73,
    "about_family": null,
    "about_tag": null,
    "info_source": 51,
    "type_of_interaction": 0,
    "season_of_interaction": 0
  }
},
{
  "model": "rotator.cropinteraction",
  "pk": 324,
  "fields": {
    "title": "burak ćwikłowy - por (W)",
    "is_positive": false,
    "about_crop": 74,
    "about_family": null,
    "about_tag": null,
    "info_source": 51,
    "type_of_interaction": 0,
    "season_of_interaction": 0
  }
},
{
  "model": "rotator.cropinteraction",
  "pk": 325,
  "fields": {
    "title": "burak ćwikłowy - szpinak (W)",
    "is_positive": false,
    "about_crop": 80,
    "about_family": null,
    "about_tag": null,
    "info_source": 51,
    "type_of_interaction": 0,
    "season_of_interaction": 0
  }
},
{
  "model": "rotator.cropinteraction",
  "pk": 326,
  "fields": {
    "title": "burak ćwikłowy - pomidor (W)",
    "is_positive": false,
    "about_crop": 81,
    "about_family": null,
    "about_tag": null,
    "info_source": 51,
    "type_of_interaction": 0,
    "season_of_interaction": 0
  }
},
{
  "model": "rotator.cropinteraction",
  "pk": 327,
  "fields": {
    "title": "burak ćwikłowy + cykoria sałatowa (W)",
    "is_positive": true,
    "about_crop": 82,
    "about_family": null,
    "about_tag": null,
    "info_source": 51,
    "type_of_interaction": 0,
    "season_of_interaction": 0
  }
},
{
  "model": "rotator.cropinteraction",
  "pk": 328,
  "fields": {
    "title": "burak ćwikłowy - kukurydza (W)",
    "is_positive": false,
    "about_crop": 18,
    "about_family": null,
    "about_tag": null,
    "info_source": 51,
    "type_of_interaction": 0,
    "season_of_interaction": 0
  }
},
{
  "model": "rotator.cropinteraction",
  "pk": 329,
  "fields": {
    "title": "burak ćwikłowy - cebula (W)",
    "is_positive": false,
    "about_crop": 84,
    "about_family": null,
    "about_tag": null,
    "info_source": 51,
    "type_of_interaction": 0,
    "season_of_interaction": 0
  }
},
{
  "model": "rotator.cropsinteraction",
  "pk": 214,
  "fields": {
    "cropinteraction_ptr": 214
  }
},
{
  "model": "rotator.cropsinteraction",
  "pk": 215,
  "fields": {
    "cropinteraction_ptr": 215
  }
},
{
  "model": "rotator.cropsinteraction",
  "pk": 97,
  "fields": {
    "cropinteraction_ptr": 97
  }
},
{
  "model": "rotator.cropsinteraction",
  "pk": 94,
  "fields": {
    "cropinteraction_ptr": 94
  }
},
{
  "model": "rotator.cropsinteraction",
  "pk": 95,
  "fields": {
    "cropinteraction_ptr": 95
  }
},
{
  "model": "rotator.cropsinteraction",
  "pk": 96,
  "fields": {
    "cropinteraction_ptr": 96
  }
},
{
  "model": "rotator.cropsinteraction",
  "pk": 20,
  "fields": {
    "cropinteraction_ptr": 20
  }
},
{
  "model": "rotator.cropsinteraction",
  "pk": 81,
  "fields": {
    "cropinteraction_ptr": 81
  }
},
{
  "model": "rotator.cropsinteraction",
  "pk": 86,
  "fields": {
    "cropinteraction_ptr": 86
  }
},
{
  "model": "rotator.cropsinteraction",
  "pk": 91,
  "fields": {
    "cropinteraction_ptr": 91
  }
},
{
  "model": "rotator.cropsinteraction",
  "pk": 73,
  "fields": {
    "cropinteraction_ptr": 73
  }
},
{
  "model": "rotator.cropsinteraction",
  "pk": 72,
  "fields": {
    "cropinteraction_ptr": 72
  }
},
{
  "model": "rotator.cropsinteraction",
  "pk": 78,
  "fields": {
    "cropinteraction_ptr": 78
  }
},
{
  "model": "rotator.cropsinteraction",
  "pk": 77,
  "fields": {
    "cropinteraction_ptr": 77
  }
},
{
  "model": "rotator.cropsinteraction",
  "pk": 90,
  "fields": {
    "cropinteraction_ptr": 90
  }
},
{
  "model": "rotator.cropsinteraction",
  "pk": 89,
  "fields": {
    "cropinteraction_ptr": 89
  }
},
{
  "model": "rotator.cropsinteraction",
  "pk": 85,
  "fields": {
    "cropinteraction_ptr": 85
  }
},
{
  "model": "rotator.cropsinteraction",
  "pk": 80,
  "fields": {
    "cropinteraction_ptr": 80
  }
},
{
  "model": "rotator.cropsinteraction",
  "pk": 84,
  "fields": {
    "cropinteraction_ptr": 84
  }
},
{
  "model": "rotator.cropsinteraction",
  "pk": 79,
  "fields": {
    "cropinteraction_ptr": 79
  }
},
{
  "model": "rotator.cropsinteraction",
  "pk": 87,
  "fields": {
    "cropinteraction_ptr": 87
  }
},
{
  "model": "rotator.cropsinteraction",
  "pk": 74,
  "fields": {
    "cropinteraction_ptr": 74
  }
},
{
  "model": "rotator.cropsinteraction",
  "pk": 88,
  "fields": {
    "cropinteraction_ptr": 88
  }
},
{
  "model": "rotator.cropsinteraction",
  "pk": 75,
  "fields": {
    "cropinteraction_ptr": 75
  }
},
{
  "model": "rotator.cropsinteraction",
  "pk": 71,
  "fields": {
    "cropinteraction_ptr": 71
  }
},
{
  "model": "rotator.cropsinteraction",
  "pk": 76,
  "fields": {
    "cropinteraction_ptr": 76
  }
},
{
  "model": "rotator.cropsinteraction",
  "pk": 70,
  "fields": {
    "cropinteraction_ptr": 70
  }
},
{
  "model": "rotator.cropsinteraction",
  "pk": 82,
  "fields": {
    "cropinteraction_ptr": 82
  }
},
{
  "model": "rotator.cropsinteraction",
  "pk": 83,
  "fields": {
    "cropinteraction_ptr": 83
  }
},
{
  "model": "rotator.cropsinteraction",
  "pk": 58,
  "fields": {
    "cropinteraction_ptr": 58
  }
},
{
  "model": "rotator.cropsinteraction",
  "pk": 59,
  "fields": {
    "cropinteraction_ptr": 59
  }
},
{
  "model": "rotator.cropsinteraction",
  "pk": 57,
  "fields": {
    "cropinteraction_ptr": 57
  }
},
{
  "model": "rotator.cropsinteraction",
  "pk": 60,
  "fields": {
    "cropinteraction_ptr": 60
  }
},
{
  "model": "rotator.cropsinteraction",
  "pk": 92,
  "fields": {
    "cropinteraction_ptr": 92
  }
},
{
  "model": "rotator.cropsinteraction",
  "pk": 93,
  "fields": {
    "cropinteraction_ptr": 93
  }
},
{
  "model": "rotator.cropsinteraction",
  "pk": 36,
  "fields": {
    "cropinteraction_ptr": 36
  }
},
{
  "model": "rotator.cropsinteraction",
  "pk": 47,
  "fields": {
    "cropinteraction_ptr": 47
  }
},
{
  "model": "rotator.cropsinteraction",
  "pk": 49,
  "fields": {
    "cropinteraction_ptr": 49
  }
},
{
  "model": "rotator.cropsinteraction",
  "pk": 48,
  "fields": {
    "cropinteraction_ptr": 48
  }
},
{
  "model": "rotator.cropsinteraction",
  "pk": 42,
  "fields": {
    "cropinteraction_ptr": 42
  }
},
{
  "model": "rotator.cropsinteraction",
  "pk": 22,
  "fields": {
    "cropinteraction_ptr": 22
  }
},
{
  "model": "rotator.cropsinteraction",
  "pk": 23,
  "fields": {
    "cropinteraction_ptr": 23
  }
},
{
  "model": "rotator.cropsinteraction",
  "pk": 38,
  "fields": {
    "cropinteraction_ptr": 38
  }
},
{
  "model": "rotator.cropsinteraction",
  "pk": 123,
  "fields": {
    "cropinteraction_ptr": 123
  }
},
{
  "model": "rotator.cropsinteraction",
  "pk": 125,
  "fields": {
    "cropinteraction_ptr": 125
  }
},
{
  "model": "rotator.cropsinteraction",
  "pk": 124,
  "fields": {
    "cropinteraction_ptr": 124
  }
},
{
  "model": "rotator.cropsinteraction",
  "pk": 118,
  "fields": {
    "cropinteraction_ptr": 118
  }
},
{
  "model": "rotator.cropsinteraction",
  "pk": 120,
  "fields": {
    "cropinteraction_ptr": 120
  }
},
{
  "model": "rotator.cropsinteraction",
  "pk": 119,
  "fields": {
    "cropinteraction_ptr": 119
  }
},
{
  "model": "rotator.cropsinteraction",
  "pk": 121,
  "fields": {
    "cropinteraction_ptr": 121
  }
},
{
  "model": "rotator.cropsinteraction",
  "pk": 122,
  "fields": {
    "cropinteraction_ptr": 122
  }
},
{
  "model": "rotator.cropsinteraction",
  "pk": 24,
  "fields": {
    "cropinteraction_ptr": 24
  }
},
{
  "model": "rotator.cropsinteraction",
  "pk": 44,
  "fields": {
    "cropinteraction_ptr": 44
  }
},
{
  "model": "rotator.cropsinteraction",
  "pk": 65,
  "fields": {
    "cropinteraction_ptr": 65
  }
},
{
  "model": "rotator.cropsinteraction",
  "pk": 43,
  "fields": {
    "cropinteraction_ptr": 43
  }
},
{
  "model": "rotator.cropsinteraction",
  "pk": 40,
  "fields": {
    "cropinteraction_ptr": 40
  }
},
{
  "model": "rotator.cropsinteraction",
  "pk": 244,
  "fields": {
    "cropinteraction_ptr": 244
  }
},
{
  "model": "rotator.cropsinteraction",
  "pk": 245,
  "fields": {
    "cropinteraction_ptr": 245
  }
},
{
  "model": "rotator.cropsinteraction",
  "pk": 247,
  "fields": {
    "cropinteraction_ptr": 247
  }
},
{
  "model": "rotator.cropsinteraction",
  "pk": 246,
  "fields": {
    "cropinteraction_ptr": 246
  }
},
{
  "model": "rotator.cropsinteraction",
  "pk": 248,
  "fields": {
    "cropinteraction_ptr": 248
  }
},
{
  "model": "rotator.cropsinteraction",
  "pk": 327,
  "fields": {
    "cropinteraction_ptr": 327
  }
},
{
  "model": "rotator.cropsinteraction",
  "pk": 317,
  "fields": {
    "cropinteraction_ptr": 317
  }
},
{
  "model": "rotator.cropsinteraction",
  "pk": 321,
  "fields": {
    "cropinteraction_ptr": 321
  }
},
{
  "model": "rotator.cropsinteraction",
  "pk": 320,
  "fields": {
    "cropinteraction_ptr": 320
  }
},
{
  "model": "rotator.cropsinteraction",
  "pk": 316,
  "fields": {
    "cropinteraction_ptr": 316
  }
},
{
  "model": "rotator.cropsinteraction",
  "pk": 318,
  "fields": {
    "cropinteraction_ptr": 318
  }
},
{
  "model": "rotator.cropsinteraction",
  "pk": 323,
  "fields": {
    "cropinteraction_ptr": 323
  }
},
{
  "model": "rotator.cropsinteraction",
  "pk": 322,
  "fields": {
    "cropinteraction_ptr": 322
  }
},
{
  "model": "rotator.cropsinteraction",
  "pk": 329,
  "fields": {
    "cropinteraction_ptr": 329
  }
},
{
  "model": "rotator.cropsinteraction",
  "pk": 328,
  "fields": {
    "cropinteraction_ptr": 328
  }
},
{
  "model": "rotator.cropsinteraction",
  "pk": 326,
  "fields": {
    "cropinteraction_ptr": 326
  }
},
{
  "model": "rotator.cropsinteraction",
  "pk": 324,
  "fields": {
    "cropinteraction_ptr": 324
  }
},
{
  "model": "rotator.cropsinteraction",
  "pk": 325,
  "fields": {
    "cropinteraction_ptr": 325
  }
},
{
  "model": "rotator.cropsinteraction",
  "pk": 319,
  "fields": {
    "cropinteraction_ptr": 319
  }
},
{
  "model": "rotator.cropsinteraction",
  "pk": 162,
  "fields": {
    "cropinteraction_ptr": 162
  }
},
{
  "model": "rotator.cropsinteraction",
  "pk": 169,
  "fields": {
    "cropinteraction_ptr": 169
  }
},
{
  "model": "rotator.cropsinteraction",
  "pk": 163,
  "fields": {
    "cropinteraction_ptr": 163
  }
},
{
  "model": "rotator.cropsinteraction",
  "pk": 165,
  "fields": {
    "cropinteraction_ptr": 165
  }
},
{
  "model": "rotator.cropsinteraction",
  "pk": 164,
  "fields": {
    "cropinteraction_ptr": 164
  }
},
{
  "model": "rotator.cropsinteraction",
  "pk": 168,
  "fields": {
    "cropinteraction_ptr": 168
  }
},
{
  "model": "rotator.cropsinteraction",
  "pk": 167,
  "fields": {
    "cropinteraction_ptr": 167
  }
},
{
  "model": "rotator.cropsinteraction",
  "pk": 161,
  "fields": {
    "cropinteraction_ptr": 161
  }
},
{
  "model": "rotator.cropsinteraction",
  "pk": 166,
  "fields": {
    "cropinteraction_ptr": 166
  }
},
{
  "model": "rotator.cropsinteraction",
  "pk": 108,
  "fields": {
    "cropinteraction_ptr": 108
  }
},
{
  "model": "rotator.cropsinteraction",
  "pk": 99,
  "fields": {
    "cropinteraction_ptr": 99
  }
},
{
  "model": "rotator.cropsinteraction",
  "pk": 62,
  "fields": {
    "cropinteraction_ptr": 62
  }
},
{
  "model": "rotator.cropsinteraction",
  "pk": 111,
  "fields": {
    "cropinteraction_ptr": 111
  }
},
{
  "model": "rotator.cropsinteraction",
  "pk": 115,
  "fields": {
    "cropinteraction_ptr": 115
  }
},
{
  "model": "rotator.cropsinteraction",
  "pk": 103,
  "fields": {
    "cropinteraction_ptr": 103
  }
},
{
  "model": "rotator.cropsinteraction",
  "pk": 105,
  "fields": {
    "cropinteraction_ptr": 105
  }
},
{
  "model": "rotator.cropsinteraction",
  "pk": 116,
  "fields": {
    "cropinteraction_ptr": 116
  }
},
{
  "model": "rotator.cropsinteraction",
  "pk": 104,
  "fields": {
    "cropinteraction_ptr": 104
  }
},
{
  "model": "rotator.cropsinteraction",
  "pk": 100,
  "fields": {
    "cropinteraction_ptr": 100
  }
},
{
  "model": "rotator.cropsinteraction",
  "pk": 107,
  "fields": {
    "cropinteraction_ptr": 107
  }
},
{
  "model": "rotator.cropsinteraction",
  "pk": 110,
  "fields": {
    "cropinteraction_ptr": 110
  }
},
{
  "model": "rotator.cropsinteraction",
  "pk": 106,
  "fields": {
    "cropinteraction_ptr": 106
  }
},
{
  "model": "rotator.cropsinteraction",
  "pk": 112,
  "fields": {
    "cropinteraction_ptr": 112
  }
},
{
  "model": "rotator.cropsinteraction",
  "pk": 101,
  "fields": {
    "cropinteraction_ptr": 101
  }
},
{
  "model": "rotator.cropsinteraction",
  "pk": 21,
  "fields": {
    "cropinteraction_ptr": 21
  }
},
{
  "model": "rotator.cropsinteraction",
  "pk": 98,
  "fields": {
    "cropinteraction_ptr": 98
  }
},
{
  "model": "rotator.cropsinteraction",
  "pk": 117,
  "fields": {
    "cropinteraction_ptr": 117
  }
},
{
  "model": "rotator.cropsinteraction",
  "pk": 113,
  "fields": {
    "cropinteraction_ptr": 113
  }
},
{
  "model": "rotator.cropsinteraction",
  "pk": 114,
  "fields": {
    "cropinteraction_ptr": 114
  }
},
{
  "model": "rotator.cropsinteraction",
  "pk": 109,
  "fields": {
    "cropinteraction_ptr": 109
  }
},
{
  "model": "rotator.cropsinteraction",
  "pk": 102,
  "fields": {
    "cropinteraction_ptr": 102
  }
},
{
  "model": "rotator.cropsinteraction",
  "pk": 197,
  "fields": {
    "cropinteraction_ptr": 197
  }
},
{
  "model": "rotator.cropsinteraction",
  "pk": 203,
  "fields": {
    "cropinteraction_ptr": 203
  }
},
{
  "model": "rotator.cropsinteraction",
  "pk": 209,
  "fields": {
    "cropinteraction_ptr": 209
  }
},
{
  "model": "rotator.cropsinteraction",
  "pk": 189,
  "fields": {
    "cropinteraction_ptr": 189
  }
},
{
  "model": "rotator.cropsinteraction",
  "pk": 188,
  "fields": {
    "cropinteraction_ptr": 188
  }
},
{
  "model": "rotator.cropsinteraction",
  "pk": 207,
  "fields": {
    "cropinteraction_ptr": 207
  }
},
{
  "model": "rotator.cropsinteraction",
  "pk": 193,
  "fields": {
    "cropinteraction_ptr": 193
  }
},
{
  "model": "rotator.cropsinteraction",
  "pk": 190,
  "fields": {
    "cropinteraction_ptr": 190
  }
},
{
  "model": "rotator.cropsinteraction",
  "pk": 198,
  "fields": {
    "cropinteraction_ptr": 198
  }
},
{
  "model": "rotator.cropsinteraction",
  "pk": 192,
  "fields": {
    "cropinteraction_ptr": 192
  }
},
{
  "model": "rotator.cropsinteraction",
  "pk": 200,
  "fields": {
    "cropinteraction_ptr": 200
  }
},
{
  "model": "rotator.cropsinteraction",
  "pk": 208,
  "fields": {
    "cropinteraction_ptr": 208
  }
},
{
  "model": "rotator.cropsinteraction",
  "pk": 202,
  "fields": {
    "cropinteraction_ptr": 202
  }
},
{
  "model": "rotator.cropsinteraction",
  "pk": 191,
  "fields": {
    "cropinteraction_ptr": 191
  }
},
{
  "model": "rotator.cropsinteraction",
  "pk": 201,
  "fields": {
    "cropinteraction_ptr": 201
  }
},
{
  "model": "rotator.cropsinteraction",
  "pk": 196,
  "fields": {
    "cropinteraction_ptr": 196
  }
},
{
  "model": "rotator.cropsinteraction",
  "pk": 205,
  "fields": {
    "cropinteraction_ptr": 205
  }
},
{
  "model": "rotator.cropsinteraction",
  "pk": 194,
  "fields": {
    "cropinteraction_ptr": 194
  }
},
{
  "model": "rotator.cropsinteraction",
  "pk": 206,
  "fields": {
    "cropinteraction_ptr": 206
  }
},
{
  "model": "rotator.cropsinteraction",
  "pk": 199,
  "fields": {
    "cropinteraction_ptr": 199
  }
},
{
  "model": "rotator.cropsinteraction",
  "pk": 204,
  "fields": {
    "cropinteraction_ptr": 204
  }
},
{
  "model": "rotator.cropsinteraction",
  "pk": 195,
  "fields": {
    "cropinteraction_ptr": 195
  }
},
{
  "model": "rotator.cropsinteraction",
  "pk": 179,
  "fields": {
    "cropinteraction_ptr": 179
  }
},
{
  "model": "rotator.cropsinteraction",
  "pk": 182,
  "fields": {
    "cropinteraction_ptr": 182
  }
},
{
  "model": "rotator.cropsinteraction",
  "pk": 172,
  "fields": {
    "cropinteraction_ptr": 172
  }
},
{
  "model": "rotator.cropsinteraction",
  "pk": 185,
  "fields": {
    "cropinteraction_ptr": 185
  }
},
{
  "model": "rotator.cropsinteraction",
  "pk": 170,
  "fields": {
    "cropinteraction_ptr": 170
  }
},
{
  "model": "rotator.cropsinteraction",
  "pk": 173,
  "fields": {
    "cropinteraction_ptr": 173
  }
},
{
  "model": "rotator.cropsinteraction",
  "pk": 177,
  "fields": {
    "cropinteraction_ptr": 177
  }
},
{
  "model": "rotator.cropsinteraction",
  "pk": 180,
  "fields": {
    "cropinteraction_ptr": 180
  }
},
{
  "model": "rotator.cropsinteraction",
  "pk": 175,
  "fields": {
    "cropinteraction_ptr": 175
  }
},
{
  "model": "rotator.cropsinteraction",
  "pk": 186,
  "fields": {
    "cropinteraction_ptr": 186
  }
},
{
  "model": "rotator.cropsinteraction",
  "pk": 181,
  "fields": {
    "cropinteraction_ptr": 181
  }
},
{
  "model": "rotator.cropsinteraction",
  "pk": 174,
  "fields": {
    "cropinteraction_ptr": 174
  }
},
{
  "model": "rotator.cropsinteraction",
  "pk": 178,
  "fields": {
    "cropinteraction_ptr": 178
  }
},
{
  "model": "rotator.cropsinteraction",
  "pk": 183,
  "fields": {
    "cropinteraction_ptr": 183
  }
},
{
  "model": "rotator.cropsinteraction",
  "pk": 184,
  "fields": {
    "cropinteraction_ptr": 184
  }
},
{
  "model": "rotator.cropsinteraction",
  "pk": 187,
  "fields": {
    "cropinteraction_ptr": 187
  }
},
{
  "model": "rotator.cropsinteraction",
  "pk": 171,
  "fields": {
    "cropinteraction_ptr": 171
  }
},
{
  "model": "rotator.cropsinteraction",
  "pk": 176,
  "fields": {
    "cropinteraction_ptr": 176
  }
},
{
  "model": "rotator.cropsinteraction",
  "pk": 37,
  "fields": {
    "cropinteraction_ptr": 37
  }
},
{
  "model": "rotator.cropsinteraction",
  "pk": 255,
  "fields": {
    "cropinteraction_ptr": 255
  }
},
{
  "model": "rotator.cropsinteraction",
  "pk": 251,
  "fields": {
    "cropinteraction_ptr": 251
  }
},
{
  "model": "rotator.cropsinteraction",
  "pk": 263,
  "fields": {
    "cropinteraction_ptr": 263
  }
},
{
  "model": "rotator.cropsinteraction",
  "pk": 252,
  "fields": {
    "cropinteraction_ptr": 252
  }
},
{
  "model": "rotator.cropsinteraction",
  "pk": 250,
  "fields": {
    "cropinteraction_ptr": 250
  }
},
{
  "model": "rotator.cropsinteraction",
  "pk": 254,
  "fields": {
    "cropinteraction_ptr": 254
  }
},
{
  "model": "rotator.cropsinteraction",
  "pk": 256,
  "fields": {
    "cropinteraction_ptr": 256
  }
},
{
  "model": "rotator.cropsinteraction",
  "pk": 257,
  "fields": {
    "cropinteraction_ptr": 257
  }
},
{
  "model": "rotator.cropsinteraction",
  "pk": 260,
  "fields": {
    "cropinteraction_ptr": 260
  }
},
{
  "model": "rotator.cropsinteraction",
  "pk": 253,
  "fields": {
    "cropinteraction_ptr": 253
  }
},
{
  "model": "rotator.cropsinteraction",
  "pk": 261,
  "fields": {
    "cropinteraction_ptr": 261
  }
},
{
  "model": "rotator.cropsinteraction",
  "pk": 259,
  "fields": {
    "cropinteraction_ptr": 259
  }
},
{
  "model": "rotator.cropsinteraction",
  "pk": 258,
  "fields": {
    "cropinteraction_ptr": 258
  }
},
{
  "model": "rotator.cropsinteraction",
  "pk": 264,
  "fields": {
    "cropinteraction_ptr": 264
  }
},
{
  "model": "rotator.cropsinteraction",
  "pk": 249,
  "fields": {
    "cropinteraction_ptr": 249
  }
},
{
  "model": "rotator.cropsinteraction",
  "pk": 262,
  "fields": {
    "cropinteraction_ptr": 262
  }
},
{
  "model": "rotator.cropsinteraction",
  "pk": 126,
  "fields": {
    "cropinteraction_ptr": 126
  }
},
{
  "model": "rotator.cropsinteraction",
  "pk": 138,
  "fields": {
    "cropinteraction_ptr": 138
  }
},
{
  "model": "rotator.cropsinteraction",
  "pk": 144,
  "fields": {
    "cropinteraction_ptr": 144
  }
},
{
  "model": "rotator.cropsinteraction",
  "pk": 127,
  "fields": {
    "cropinteraction_ptr": 127
  }
},
{
  "model": "rotator.cropsinteraction",
  "pk": 141,
  "fields": {
    "cropinteraction_ptr": 141
  }
},
{
  "model": "rotator.cropsinteraction",
  "pk": 131,
  "fields": {
    "cropinteraction_ptr": 131
  }
},
{
  "model": "rotator.cropsinteraction",
  "pk": 128,
  "fields": {
    "cropinteraction_ptr": 128
  }
},
{
  "model": "rotator.cropsinteraction",
  "pk": 133,
  "fields": {
    "cropinteraction_ptr": 133
  }
},
{
  "model": "rotator.cropsinteraction",
  "pk": 132,
  "fields": {
    "cropinteraction_ptr": 132
  }
},
{
  "model": "rotator.cropsinteraction",
  "pk": 143,
  "fields": {
    "cropinteraction_ptr": 143
  }
},
{
  "model": "rotator.cropsinteraction",
  "pk": 135,
  "fields": {
    "cropinteraction_ptr": 135
  }
},
{
  "model": "rotator.cropsinteraction",
  "pk": 142,
  "fields": {
    "cropinteraction_ptr": 142
  }
},
{
  "model": "rotator.cropsinteraction",
  "pk": 136,
  "fields": {
    "cropinteraction_ptr": 136
  }
},
{
  "model": "rotator.cropsinteraction",
  "pk": 134,
  "fields": {
    "cropinteraction_ptr": 134
  }
},
{
  "model": "rotator.cropsinteraction",
  "pk": 139,
  "fields": {
    "cropinteraction_ptr": 139
  }
},
{
  "model": "rotator.cropsinteraction",
  "pk": 129,
  "fields": {
    "cropinteraction_ptr": 129
  }
},
{
  "model": "rotator.cropsinteraction",
  "pk": 140,
  "fields": {
    "cropinteraction_ptr": 140
  }
},
{
  "model": "rotator.cropsinteraction",
  "pk": 137,
  "fields": {
    "cropinteraction_ptr": 137
  }
},
{
  "model": "rotator.cropsinteraction",
  "pk": 130,
  "fields": {
    "cropinteraction_ptr": 130
  }
},
{
  "model": "rotator.cropsinteraction",
  "pk": 266,
  "fields": {
    "cropinteraction_ptr": 266
  }
},
{
  "model": "rotator.cropsinteraction",
  "pk": 267,
  "fields": {
    "cropinteraction_ptr": 267
  }
},
{
  "model": "rotator.cropsinteraction",
  "pk": 271,
  "fields": {
    "cropinteraction_ptr": 271
  }
},
{
  "model": "rotator.cropsinteraction",
  "pk": 274,
  "fields": {
    "cropinteraction_ptr": 274
  }
},
{
  "model": "rotator.cropsinteraction",
  "pk": 269,
  "fields": {
    "cropinteraction_ptr": 269
  }
},
{
  "model": "rotator.cropsinteraction",
  "pk": 270,
  "fields": {
    "cropinteraction_ptr": 270
  }
},
{
  "model": "rotator.cropsinteraction",
  "pk": 272,
  "fields": {
    "cropinteraction_ptr": 272
  }
},
{
  "model": "rotator.cropsinteraction",
  "pk": 273,
  "fields": {
    "cropinteraction_ptr": 273
  }
},
{
  "model": "rotator.cropsinteraction",
  "pk": 268,
  "fields": {
    "cropinteraction_ptr": 268
  }
},
{
  "model": "rotator.cropsinteraction",
  "pk": 277,
  "fields": {
    "cropinteraction_ptr": 277
  }
},
{
  "model": "rotator.cropsinteraction",
  "pk": 280,
  "fields": {
    "cropinteraction_ptr": 280
  }
},
{
  "model": "rotator.cropsinteraction",
  "pk": 288,
  "fields": {
    "cropinteraction_ptr": 288
  }
},
{
  "model": "rotator.cropsinteraction",
  "pk": 279,
  "fields": {
    "cropinteraction_ptr": 279
  }
},
{
  "model": "rotator.cropsinteraction",
  "pk": 282,
  "fields": {
    "cropinteraction_ptr": 282
  }
},
{
  "model": "rotator.cropsinteraction",
  "pk": 281,
  "fields": {
    "cropinteraction_ptr": 281
  }
},
{
  "model": "rotator.cropsinteraction",
  "pk": 285,
  "fields": {
    "cropinteraction_ptr": 285
  }
},
{
  "model": "rotator.cropsinteraction",
  "pk": 284,
  "fields": {
    "cropinteraction_ptr": 284
  }
},
{
  "model": "rotator.cropsinteraction",
  "pk": 286,
  "fields": {
    "cropinteraction_ptr": 286
  }
},
{
  "model": "rotator.cropsinteraction",
  "pk": 283,
  "fields": {
    "cropinteraction_ptr": 283
  }
},
{
  "model": "rotator.cropsinteraction",
  "pk": 287,
  "fields": {
    "cropinteraction_ptr": 287
  }
},
{
  "model": "rotator.cropsinteraction",
  "pk": 275,
  "fields": {
    "cropinteraction_ptr": 275
  }
},
{
  "model": "rotator.cropsinteraction",
  "pk": 278,
  "fields": {
    "cropinteraction_ptr": 278
  }
},
{
  "model": "rotator.cropsinteraction",
  "pk": 276,
  "fields": {
    "cropinteraction_ptr": 276
  }
},
{
  "model": "rotator.cropsinteraction",
  "pk": 310,
  "fields": {
    "cropinteraction_ptr": 310
  }
},
{
  "model": "rotator.cropsinteraction",
  "pk": 311,
  "fields": {
    "cropinteraction_ptr": 311
  }
},
{
  "model": "rotator.cropsinteraction",
  "pk": 313,
  "fields": {
    "cropinteraction_ptr": 313
  }
},
{
  "model": "rotator.cropsinteraction",
  "pk": 312,
  "fields": {
    "cropinteraction_ptr": 312
  }
},
{
  "model": "rotator.cropsinteraction",
  "pk": 314,
  "fields": {
    "cropinteraction_ptr": 314
  }
},
{
  "model": "rotator.cropsinteraction",
  "pk": 315,
  "fields": {
    "cropinteraction_ptr": 315
  }
},
{
  "model": "rotator.cropsinteraction",
  "pk": 240,
  "fields": {
    "cropinteraction_ptr": 240
  }
},
{
  "model": "rotator.cropsinteraction",
  "pk": 237,
  "fields": {
    "cropinteraction_ptr": 237
  }
},
{
  "model": "rotator.cropsinteraction",
  "pk": 243,
  "fields": {
    "cropinteraction_ptr": 243
  }
},
{
  "model": "rotator.cropsinteraction",
  "pk": 238,
  "fields": {
    "cropinteraction_ptr": 238
  }
},
{
  "model": "rotator.cropsinteraction",
  "pk": 241,
  "fields": {
    "cropinteraction_ptr": 241
  }
},
{
  "model": "rotator.cropsinteraction",
  "pk": 239,
  "fields": {
    "cropinteraction_ptr": 239
  }
},
{
  "model": "rotator.cropsinteraction",
  "pk": 242,
  "fields": {
    "cropinteraction_ptr": 242
  }
},
{
  "model": "rotator.cropsinteraction",
  "pk": 301,
  "fields": {
    "cropinteraction_ptr": 301
  }
},
{
  "model": "rotator.cropsinteraction",
  "pk": 306,
  "fields": {
    "cropinteraction_ptr": 306
  }
},
{
  "model": "rotator.cropsinteraction",
  "pk": 293,
  "fields": {
    "cropinteraction_ptr": 293
  }
},
{
  "model": "rotator.cropsinteraction",
  "pk": 291,
  "fields": {
    "cropinteraction_ptr": 291
  }
},
{
  "model": "rotator.cropsinteraction",
  "pk": 308,
  "fields": {
    "cropinteraction_ptr": 308
  }
},
{
  "model": "rotator.cropsinteraction",
  "pk": 294,
  "fields": {
    "cropinteraction_ptr": 294
  }
},
{
  "model": "rotator.cropsinteraction",
  "pk": 299,
  "fields": {
    "cropinteraction_ptr": 299
  }
},
{
  "model": "rotator.cropsinteraction",
  "pk": 298,
  "fields": {
    "cropinteraction_ptr": 298
  }
},
{
  "model": "rotator.cropsinteraction",
  "pk": 302,
  "fields": {
    "cropinteraction_ptr": 302
  }
},
{
  "model": "rotator.cropsinteraction",
  "pk": 304,
  "fields": {
    "cropinteraction_ptr": 304
  }
},
{
  "model": "rotator.cropsinteraction",
  "pk": 309,
  "fields": {
    "cropinteraction_ptr": 309
  }
},
{
  "model": "rotator.cropsinteraction",
  "pk": 305,
  "fields": {
    "cropinteraction_ptr": 305
  }
},
{
  "model": "rotator.cropsinteraction",
  "pk": 295,
  "fields": {
    "cropinteraction_ptr": 295
  }
},
{
  "model": "rotator.cropsinteraction",
  "pk": 300,
  "fields": {
    "cropinteraction_ptr": 300
  }
},
{
  "model": "rotator.cropsinteraction",
  "pk": 297,
  "fields": {
    "cropinteraction_ptr": 297
  }
},
{
  "model": "rotator.cropsinteraction",
  "pk": 307,
  "fields": {
    "cropinteraction_ptr": 307
  }
},
{
  "model": "rotator.cropsinteraction",
  "pk": 303,
  "fields": {
    "cropinteraction_ptr": 303
  }
},
{
  "model": "rotator.cropsinteraction",
  "pk": 292,
  "fields": {
    "cropinteraction_ptr": 292
  }
},
{
  "model": "rotator.cropsinteraction",
  "pk": 296,
  "fields": {
    "cropinteraction_ptr": 296
  }
},
{
  "model": "rotator.cropsinteraction",
  "pk": 222,
  "fields": {
    "cropinteraction_ptr": 222
  }
},
{
  "model": "rotator.cropsinteraction",
  "pk": 229,
  "fields": {
    "cropinteraction_ptr": 229
  }
},
{
  "model": "rotator.cropsinteraction",
  "pk": 236,
  "fields": {
    "cropinteraction_ptr": 236
  }
},
{
  "model": "rotator.cropsinteraction",
  "pk": 234,
  "fields": {
    "cropinteraction_ptr": 234
  }
},
{
  "model": "rotator.cropsinteraction",
  "pk": 233,
  "fields": {
    "cropinteraction_ptr": 233
  }
},
{
  "model": "rotator.cropsinteraction",
  "pk": 211,
  "fields": {
    "cropinteraction_ptr": 211
  }
},
{
  "model": "rotator.cropsinteraction",
  "pk": 231,
  "fields": {
    "cropinteraction_ptr": 231
  }
},
{
  "model": "rotator.cropsinteraction",
  "pk": 218,
  "fields": {
    "cropinteraction_ptr": 218
  }
},
{
  "model": "rotator.cropsinteraction",
  "pk": 213,
  "fields": {
    "cropinteraction_ptr": 213
  }
},
{
  "model": "rotator.cropsinteraction",
  "pk": 220,
  "fields": {
    "cropinteraction_ptr": 220
  }
},
{
  "model": "rotator.cropsinteraction",
  "pk": 212,
  "fields": {
    "cropinteraction_ptr": 212
  }
},
{
  "model": "rotator.cropsinteraction",
  "pk": 219,
  "fields": {
    "cropinteraction_ptr": 219
  }
},
{
  "model": "rotator.cropsinteraction",
  "pk": 210,
  "fields": {
    "cropinteraction_ptr": 210
  }
},
{
  "model": "rotator.cropsinteraction",
  "pk": 235,
  "fields": {
    "cropinteraction_ptr": 235
  }
},
{
  "model": "rotator.cropsinteraction",
  "pk": 223,
  "fields": {
    "cropinteraction_ptr": 223
  }
},
{
  "model": "rotator.cropsinteraction",
  "pk": 216,
  "fields": {
    "cropinteraction_ptr": 216
  }
},
{
  "model": "rotator.cropsinteraction",
  "pk": 225,
  "fields": {
    "cropinteraction_ptr": 225
  }
},
{
  "model": "rotator.cropsinteraction",
  "pk": 232,
  "fields": {
    "cropinteraction_ptr": 232
  }
},
{
  "model": "rotator.cropsinteraction",
  "pk": 226,
  "fields": {
    "cropinteraction_ptr": 226
  }
},
{
  "model": "rotator.cropsinteraction",
  "pk": 228,
  "fields": {
    "cropinteraction_ptr": 228
  }
},
{
  "model": "rotator.cropsinteraction",
  "pk": 221,
  "fields": {
    "cropinteraction_ptr": 221
  }
},
{
  "model": "rotator.cropsinteraction",
  "pk": 227,
  "fields": {
    "cropinteraction_ptr": 227
  }
},
{
  "model": "rotator.cropsinteraction",
  "pk": 217,
  "fields": {
    "cropinteraction_ptr": 217
  }
},
{
  "model": "rotator.cropsinteraction",
  "pk": 224,
  "fields": {
    "cropinteraction_ptr": 224
  }
},
{
  "model": "rotator.cropsinteraction",
  "pk": 230,
  "fields": {
    "cropinteraction_ptr": 230
  }
},
{
  "model": "rotator.cropsinteraction",
  "pk": 289,
  "fields": {
    "cropinteraction_ptr": 289
  }
},
{
  "model": "rotator.cropsinteraction",
  "pk": 265,
  "fields": {
    "cropinteraction_ptr": 265
  }
},
{
  "model": "rotator.cropsinteraction",
  "pk": 25,
  "fields": {
    "cropinteraction_ptr": 25
  }
},
{
  "model": "rotator.cropsinteraction",
  "pk": 290,
  "fields": {
    "cropinteraction_ptr": 290
  }
},
{
  "model": "rotator.cropsinteraction",
  "pk": 63,
  "fields": {
    "cropinteraction_ptr": 63
  }
},
{
  "model": "rotator.cropsinteraction",
  "pk": 64,
  "fields": {
    "cropinteraction_ptr": 64
  }
},
{
  "model": "rotator.cropsinteraction",
  "pk": 157,
  "fields": {
    "cropinteraction_ptr": 157
  }
},
{
  "model": "rotator.cropsinteraction",
  "pk": 146,
  "fields": {
    "cropinteraction_ptr": 146
  }
},
{
  "model": "rotator.cropsinteraction",
  "pk": 152,
  "fields": {
    "cropinteraction_ptr": 152
  }
},
{
  "model": "rotator.cropsinteraction",
  "pk": 153,
  "fields": {
    "cropinteraction_ptr": 153
  }
},
{
  "model": "rotator.cropsinteraction",
  "pk": 156,
  "fields": {
    "cropinteraction_ptr": 156
  }
},
{
  "model": "rotator.cropsinteraction",
  "pk": 154,
  "fields": {
    "cropinteraction_ptr": 154
  }
},
{
  "model": "rotator.cropsinteraction",
  "pk": 160,
  "fields": {
    "cropinteraction_ptr": 160
  }
},
{
  "model": "rotator.cropsinteraction",
  "pk": 159,
  "fields": {
    "cropinteraction_ptr": 159
  }
},
{
  "model": "rotator.cropsinteraction",
  "pk": 148,
  "fields": {
    "cropinteraction_ptr": 148
  }
},
{
  "model": "rotator.cropsinteraction",
  "pk": 147,
  "fields": {
    "cropinteraction_ptr": 147
  }
},
{
  "model": "rotator.cropsinteraction",
  "pk": 151,
  "fields": {
    "cropinteraction_ptr": 151
  }
},
{
  "model": "rotator.cropsinteraction",
  "pk": 145,
  "fields": {
    "cropinteraction_ptr": 145
  }
},
{
  "model": "rotator.cropsinteraction",
  "pk": 149,
  "fields": {
    "cropinteraction_ptr": 149
  }
},
{
  "model": "rotator.cropsinteraction",
  "pk": 158,
  "fields": {
    "cropinteraction_ptr": 158
  }
},
{
  "model": "rotator.cropsinteraction",
  "pk": 155,
  "fields": {
    "cropinteraction_ptr": 155
  }
},
{
  "model": "rotator.cropsinteraction",
  "pk": 150,
  "fields": {
    "cropinteraction_ptr": 150
  }
},
{
  "model": "rotator.cropsinteraction",
  "pk": 28,
  "fields": {
    "cropinteraction_ptr": 28
  }
},
{
  "model": "rotator.cropsinteraction",
  "pk": 26,
  "fields": {
    "cropinteraction_ptr": 26
  }
},
{
  "model": "rotator.familyinteraction",
  "pk": 11,
  "fields": {
    "cropinteraction_ptr": 11
  }
},
{
  "model": "rotator.familyinteraction",
  "pk": 46,
  "fields": {
    "cropinteraction_ptr": 46
  }
},
{
  "model": "rotator.familyinteraction",
  "pk": 14,
  "fields": {
    "cropinteraction_ptr": 14
  }
},
{
  "model": "rotator.tagsinteraction",
  "pk": 41,
  "fields": {
    "cropinteraction_ptr": 41
  }
},
{
  "model": "rotator.tagsinteraction",
  "pk": 39,
  "fields": {
    "cropinteraction_ptr": 39
  }
},
{
  "model": "rotator.rotationstep",
  "pk": 5,
  "fields": {
    "title": "Kompleks ziemniaczany",
    "title_pl": "Kompleks ziemniaczany",
    "title_en": "Potato complex",
    "descr": "Testowy opis",
    "descr_pl": "Testowy opis",
    "descr_en": "Test description",
    "add_manure_early": true,
    "add_manure_middle": false,
    "add_manure_late": false,
    "from_plan": 2,
    "order": 5,
    "is_late_crop_destroy": true,
    "is_middle_crop_destroy": false,
    "is_early_crop_destroy": false,
    "early_crop": [
      32
    ],
    "middle_crop": [],
    "late_crop": [
      29
    ]
  }
},
{
  "model": "rotator.rotationstep",
  "pk": 6,
  "fields": {
    "title": "kompleks pszenny",
    "title_pl": "kompleks pszenny",
    "title_en": "wheat complex",
    "descr": "Opis testowy",
    "descr_pl": "Opis testowy",
    "descr_en": null,
    "add_manure_early": true,
    "add_manure_middle": false,
    "add_manure_late": false,
    "from_plan": 2,
    "order": 2,
    "is_late_crop_destroy": true,
    "is_middle_crop_destroy": false,
    "is_early_crop_destroy": false,
    "early_crop": [
      48
    ],
    "middle_crop": [],
    "late_crop": [
      10
    ]
  }
},
{
  "model": "rotator.rotationstep",
  "pk": 7,
  "fields": {
    "title": "Kompleks lniany",
    "title_pl": "Kompleks lniany",
    "title_en": "Linen complex",
    "descr": null,
    "descr_pl": null,
    "descr_en": null,
    "add_manure_early": false,
    "add_manure_middle": false,
    "add_manure_late": false,
    "from_plan": 2,
    "order": 1,
    "is_late_crop_destroy": true,
    "is_middle_crop_destroy": false,
    "is_early_crop_destroy": false,
    "early_crop": [
      12
    ],
    "middle_crop": [],
    "late_crop": [
      30
    ]
  }
},
{
  "model": "rotator.rotationstep",
  "pk": 8,
  "fields": {
    "title": "Kompleks kukurydziany",
    "title_pl": "Kompleks kukurydziany",
    "title_en": "Corn complex",
    "descr": null,
    "descr_pl": null,
    "descr_en": null,
    "add_manure_early": false,
    "add_manure_middle": false,
    "add_manure_late": false,
    "from_plan": 2,
    "order": 3,
    "is_late_crop_destroy": true,
    "is_middle_crop_destroy": false,
    "is_early_crop_destroy": false,
    "early_crop": [
      16
    ],
    "middle_crop": [],
    "late_crop": [
      33
    ]
  }
},
{
  "model": "rotator.rotationstep",
  "pk": 9,
  "fields": {
    "title": "Kompleks Rzepakowy",
    "title_pl": "Kompleks Rzepakowy",
    "title_en": "Canola complex",
    "descr": null,
    "descr_pl": null,
    "descr_en": null,
    "add_manure_early": false,
    "add_manure_middle": false,
    "add_manure_late": false,
    "from_plan": 2,
    "order": 6,
    "is_late_crop_destroy": true,
    "is_middle_crop_destroy": false,
    "is_early_crop_destroy": false,
    "early_crop": [],
    "middle_crop": [],
    "late_crop": [
      22
    ]
  }
},
{
  "model": "rotator.rotationstep",
  "pk": 10,
  "fields": {
    "title": "Kompleks marchwiowy",
    "title_pl": "Kompleks marchwiowy",
    "title_en": "Carrot complex",
    "descr": null,
    "descr_pl": null,
    "descr_en": null,
    "add_manure_early": false,
    "add_manure_middle": false,
    "add_manure_late": false,
    "from_plan": 2,
    "order": 4,
    "is_late_crop_destroy": false,
    "is_middle_crop_destroy": false,
    "is_early_crop_destroy": false,
    "early_crop": [
      6
    ],
    "middle_crop": [],
    "late_crop": [
      34
    ]
  }
},
{
  "model": "rotator.rotationstep",
  "pk": 11,
  "fields": {
    "title": "Kompleks żytni",
    "title_pl": "Kompleks żytni",
    "title_en": null,
    "descr": null,
    "descr_pl": null,
    "descr_en": null,
    "add_manure_early": false,
    "add_manure_middle": false,
    "add_manure_late": false,
    "from_plan": 3,
    "order": 2,
    "is_late_crop_destroy": true,
    "is_middle_crop_destroy": false,
    "is_early_crop_destroy": false,
    "early_crop": [
      31,
      48
    ],
    "middle_crop": [],
    "late_crop": [
      47
    ]
  }
},
{
  "model": "rotator.rotationstep",
  "pk": 12,
  "fields": {
    "title": "Kompleks lniany",
    "title_pl": "Kompleks lniany",
    "title_en": "Linen complex",
    "descr": null,
    "descr_pl": null,
    "descr_en": null,
    "add_manure_early": false,
    "add_manure_middle": false,
    "add_manure_late": false,
    "from_plan": 3,
    "order": 6,
    "is_late_crop_destroy": false,
    "is_middle_crop_destroy": false,
    "is_early_crop_destroy": false,
    "early_crop": [
      18,
      30
    ],
    "middle_crop": [],
    "late_crop": [
      30
    ]
  }
},
{
  "model": "rotator.rotationstep",
  "pk": 16,
  "fields": {
    "title": "dr",
    "title_pl": "dr",
    "title_en": "dr",
    "descr": null,
    "descr_pl": null,
    "descr_en": null,
    "add_manure_early": false,
    "add_manure_middle": false,
    "add_manure_late": false,
    "from_plan": 3,
    "order": 4,
    "is_late_crop_destroy": false,
    "is_middle_crop_destroy": false,
    "is_early_crop_destroy": false,
    "early_crop": [
      10
    ],
    "middle_crop": [],
    "late_crop": [
      6
    ]
  }
},
{
  "model": "rotator.rotationstep",
  "pk": 17,
  "fields": {
    "title": "1",
    "title_pl": "1",
    "title_en": "1",
    "descr": null,
    "descr_pl": null,
    "descr_en": null,
    "add_manure_early": false,
    "add_manure_middle": false,
    "add_manure_late": false,
    "from_plan": 3,
    "order": 5,
    "is_late_crop_destroy": false,
    "is_middle_crop_destroy": false,
    "is_early_crop_destroy": false,
    "early_crop": [
      5
    ],
    "middle_crop": [
      28
    ],
    "late_crop": [
      18
    ]
  }
},
{
  "model": "rotator.rotationstep",
  "pk": 18,
  "fields": {
    "title": "kompleks testowy",
    "title_pl": "kompleks testowy",
    "title_en": null,
    "descr": null,
    "descr_pl": null,
    "descr_en": null,
    "add_manure_early": false,
    "add_manure_middle": false,
    "add_manure_late": false,
    "from_plan": 4,
    "order": 1,
    "is_late_crop_destroy": false,
    "is_middle_crop_destroy": false,
    "is_early_crop_destroy": false,
    "early_crop": [],
    "middle_crop": [],
    "late_crop": []
  }
},
{
  "model": "rotator.rotationstep",
  "pk": 22,
  "fields": {
    "title": "TestTestTest step",
    "title_pl": "TestTestTest step",
    "title_en": null,
    "descr": null,
    "descr_pl": null,
    "descr_en": null,
    "add_manure_early": false,
    "add_manure_middle": false,
    "add_manure_late": false,
    "from_plan": null,
    "order": 1,
    "is_late_crop_destroy": false,
    "is_middle_crop_destroy": false,
    "is_early_crop_destroy": false,
    "early_crop": [],
    "middle_crop": [],
    "late_crop": []
  }
},
{
  "model": "rotator.rotationstep",
  "pk": 23,
  "fields": {
    "title": "Testowy krok",
    "title_pl": "Testowy krok",
    "title_en": null,
    "descr": null,
    "descr_pl": null,
    "descr_en": null,
    "add_manure_early": false,
    "add_manure_middle": false,
    "add_manure_late": false,
    "from_plan": null,
    "order": 1,
    "is_late_crop_destroy": false,
    "is_middle_crop_destroy": false,
    "is_early_crop_destroy": false,
    "early_crop": [],
    "middle_crop": [],
    "late_crop": []
  }
},
{
  "model": "rotator.rotationstep",
  "pk": 24,
  "fields": {
    "title": "TestTestTest",
    "title_pl": "TestTestTest",
    "title_en": null,
    "descr": null,
    "descr_pl": null,
    "descr_en": null,
    "add_manure_early": false,
    "add_manure_middle": false,
    "add_manure_late": false,
    "from_plan": null,
    "order": 1,
    "is_late_crop_destroy": false,
    "is_middle_crop_destroy": false,
    "is_early_crop_destroy": false,
    "early_crop": [],
    "middle_crop": [],
    "late_crop": []
  }
},
{
  "model": "rotator.rotationstep",
  "pk": 25,
  "fields": {
    "title": "TestTestTest",
    "title_pl": "TestTestTest",
    "title_en": null,
    "descr": null,
    "descr_pl": null,
    "descr_en": null,
    "add_manure_early": false,
    "add_manure_middle": false,
    "add_manure_late": false,
    "from_plan": null,
    "order": 1,
    "is_late_crop_destroy": false,
    "is_middle_crop_destroy": false,
    "is_early_crop_destroy": false,
    "early_crop": [],
    "middle_crop": [],
    "late_crop": []
  }
},
{
  "model": "rotator.rotationstep",
  "pk": 42,
  "fields": {
    "title": "tfjjrrtyjt",
    "title_pl": "tfjjrrtyjt",
    "title_en": null,
    "descr": null,
    "descr_pl": null,
    "descr_en": null,
    "add_manure_early": false,
    "add_manure_middle": false,
    "add_manure_late": false,
    "from_plan": 4,
    "order": 2,
    "is_late_crop_destroy": false,
    "is_middle_crop_destroy": false,
    "is_early_crop_destroy": false,
    "early_crop": [
      1,
      43
    ],
    "middle_crop": [],
    "late_crop": []
  }
},
{
  "model": "rotator.rotationstep",
  "pk": 43,
  "fields": {
    "title": "ryyjrt7yj",
    "title_pl": "ryyjrt7yj",
    "title_en": null,
    "descr": null,
    "descr_pl": null,
    "descr_en": null,
    "add_manure_early": false,
    "add_manure_middle": false,
    "add_manure_late": false,
    "from_plan": 3,
    "order": 3,
    "is_late_crop_destroy": false,
    "is_middle_crop_destroy": false,
    "is_early_crop_destroy": false,
    "early_crop": [],
    "middle_crop": [
      50
    ],
    "late_crop": []
  }
},
{
  "model": "rotator.rotationstep",
  "pk": 44,
  "fields": {
    "title": "5y3e5y4e",
    "title_pl": "5y3e5y4e",
    "title_en": null,
    "descr": null,
    "descr_pl": null,
    "descr_en": null,
    "add_manure_early": false,
    "add_manure_middle": false,
    "add_manure_late": false,
    "from_plan": 3,
    "order": 7,
    "is_late_crop_destroy": false,
    "is_middle_crop_destroy": false,
    "is_early_crop_destroy": false,
    "early_crop": [
      18
    ],
    "middle_crop": [],
    "late_crop": [
      35
    ]
  }
},
{
  "model": "rotator.rotationstep",
  "pk": 46,
  "fields": {
    "title": "hrthht",
    "title_pl": "hrthht",
    "title_en": null,
    "descr": null,
    "descr_pl": null,
    "descr_en": null,
    "add_manure_early": false,
    "add_manure_middle": false,
    "add_manure_late": false,
    "from_plan": 4,
    "order": 3,
    "is_late_crop_destroy": false,
    "is_middle_crop_destroy": false,
    "is_early_crop_destroy": false,
    "early_crop": [],
    "middle_crop": [],
    "late_crop": []
  }
},
{
  "model": "rotator.rotationstep",
  "pk": 50,
  "fields": {
    "title": "hhh",
    "title_pl": null,
    "title_en": "hhh",
    "descr": null,
    "descr_pl": null,
    "descr_en": null,
    "add_manure_early": false,
    "add_manure_middle": false,
    "add_manure_late": false,
    "from_plan": 8,
    "order": 1,
    "is_late_crop_destroy": false,
    "is_middle_crop_destroy": false,
    "is_early_crop_destroy": false,
    "early_crop": [
      55
    ],
    "middle_crop": [],
    "late_crop": []
  }
},
{
  "model": "rotator.rotationstep",
  "pk": 53,
  "fields": {
    "title": "yrtyy",
    "title_pl": "yrtyy",
    "title_en": null,
    "descr": null,
    "descr_pl": null,
    "descr_en": null,
    "add_manure_early": false,
    "add_manure_middle": false,
    "add_manure_late": false,
    "from_plan": 3,
    "order": 1,
    "is_late_crop_destroy": false,
    "is_middle_crop_destroy": false,
    "is_early_crop_destroy": false,
    "early_crop": [
      32
    ],
    "middle_crop": [],
    "late_crop": [
      50
    ]
  }
},
{
  "model": "rotator.rotationstep",
  "pk": 55,
  "fields": {
    "title": "tuuui",
    "title_pl": "tuuui",
    "title_en": null,
    "descr": null,
    "descr_pl": null,
    "descr_en": null,
    "add_manure_early": false,
    "add_manure_middle": false,
    "add_manure_late": false,
    "from_plan": 7,
    "order": 1,
    "is_late_crop_destroy": false,
    "is_middle_crop_destroy": false,
    "is_early_crop_destroy": false,
    "early_crop": [],
    "middle_crop": [],
    "late_crop": []
  }
},
{
  "model": "rotator.rotationstep",
  "pk": 56,
  "fields": {
    "title": "eue5",
    "title_pl": "eue5",
    "title_en": "eue5",
    "descr": null,
    "descr_pl": null,
    "descr_en": null,
    "add_manure_early": false,
    "add_manure_middle": false,
    "add_manure_late": false,
    "from_plan": 5,
    "order": 1,
    "is_late_crop_destroy": false,
    "is_middle_crop_destroy": false,
    "is_early_crop_destroy": false,
    "early_crop": [],
    "middle_crop": [],
    "late_crop": []
  }
},
{
  "model": "rotator.rotationstep",
  "pk": 57,
  "fields": {
    "title": "jdtyj",
    "title_pl": null,
    "title_en": "jdtyj",
    "descr": null,
    "descr_pl": null,
    "descr_en": null,
    "add_manure_early": false,
    "add_manure_middle": false,
    "add_manure_late": false,
    "from_plan": 3,
    "order": 8,
    "is_late_crop_destroy": false,
    "is_middle_crop_destroy": false,
    "is_early_crop_destroy": false,
    "early_crop": [],
    "middle_crop": [],
    "late_crop": []
  }
},
{
  "model": "rotator.rotationstep",
  "pk": 58,
  "fields": {
    "title": "rtuyjurf",
    "title_pl": null,
    "title_en": "rtuyjurf",
    "descr": null,
    "descr_pl": null,
    "descr_en": null,
    "add_manure_early": false,
    "add_manure_middle": false,
    "add_manure_late": false,
    "from_plan": 3,
    "order": 9,
    "is_late_crop_destroy": false,
    "is_middle_crop_destroy": false,
    "is_early_crop_destroy": false,
    "early_crop": [],
    "middle_crop": [],
    "late_crop": []
  }
},
{
  "model": "rotator.rotationstep",
  "pk": 59,
  "fields": {
    "title": "tit7it",
    "title_pl": null,
    "title_en": "tit7it",
    "descr": null,
    "descr_pl": null,
    "descr_en": null,
    "add_manure_early": false,
    "add_manure_middle": false,
    "add_manure_late": false,
    "from_plan": 3,
    "order": 10,
    "is_late_crop_destroy": false,
    "is_middle_crop_destroy": false,
    "is_early_crop_destroy": false,
    "early_crop": [],
    "middle_crop": [],
    "late_crop": []
  }
},
{
  "model": "rotator.cropdatasource",
  "pk": 1,
  "fields": {
    "title": "Włośnica Ber - MwP",
    "descr": "Włośnica ber dobrze i szybko (120 dni) rośnie na słabych glebach. Ze względu na małe zdolności konkurencyjne warto ją uprawiać z koniczyną aleksandryjską - jest to dobra mieszanka paszowa. Dobrze znosi suszę w początkowych stadiach rozwoju.",
    "descr_pl": "Włośnica ber dobrze i szybko (120 dni) rośnie na słabych glebach. Ze względu na małe zdolności konkurencyjne warto ją uprawiać z koniczyną aleksandryjską - jest to dobra mieszanka paszowa. Dobrze znosi suszę w początkowych stadiach rozwoju.",
    "descr_en": "Japanese Foxtail millet grows well and fast (120 days) on weak soils. Due to its weak competitiveness it is advised to be cultivated along Egyptian clover - the two make for a good animal feed mix. The plant manages drought well in early stages of development.",
    "from_crop": 26,
    "at_data_string": 11,
    "pages_from": 193,
    "pages_to": 194,
    "at_tag": [
      11,
      14
    ]
  }
},
{
  "model": "rotator.cropdatasource",
  "pk": 2,
  "fields": {
    "title": "Gorczyca biała - MwP",
    "descr": "Roślina dobrze znosi późny wysiew, bo daje sobie radę ze słabym nasłonecznieniem. Szybko okrywa glebę i daje dużo biomasy w krótkim czasie (30-45 dni od siewu do zbioru). Jest rośliną miododajną przyciągającą wszystkie zapylacze. Dobrze rośnie szczególnie z bobowatymi i facelią.",
    "descr_pl": "Roślina dobrze znosi późny wysiew, bo daje sobie radę ze słabym nasłonecznieniem. Szybko okrywa glebę i daje dużo biomasy w krótkim czasie (30-45 dni od siewu do zbioru). Jest rośliną miododajną przyciągającą wszystkie zapylacze. Dobrze rośnie szczególnie z bobowatymi i facelią.",
    "descr_en": "This plant doesn't mind late sowing, because it can handle poor insolation. It covers the ground quickly and provides a lot of biomass in short period of time (30-45 days from sowing to harvest). As a nectar source it attracts all nearby pollinators. Grows well along fabacae and phacelia.",
    "from_crop": 1,
    "at_data_string": 11,
    "pages_from": 149,
    "pages_to": null,
    "at_tag": [
      2,
      11
    ]
  }
},
{
  "model": "rotator.cropdatasource",
  "pk": 3,
  "fields": {
    "title": "Gorczyca sarepska - MwP",
    "descr": "Zakłada się, że posiada właściwości biofumigacyjne, gdyż zmniejsza ilość szkodliwych nicieni w glebie. Ma wysoką zdolność wiązania składników pokarmowych, czym zdobyła sobie uznanie jako roślina fotosanitarna przy rekultywacji terenów skażonych przemysłowo i przenawożonych. Bardzo dobrze wykorzystuje m.in. azot.",
    "descr_pl": "Zakłada się, że posiada właściwości biofumigacyjne, gdyż zmniejsza ilość szkodliwych nicieni w glebie. Ma wysoką zdolność wiązania składników pokarmowych, czym zdobyła sobie uznanie jako roślina fotosanitarna przy rekultywacji terenów skażonych przemysłowo i przenawożonych. Bardzo dobrze wykorzystuje m.in. azot.",
    "descr_en": "It is assumed that this plant has biofumigation properties due to its positive influence on reducing the amount of harmful nematodes in soil. Its ability to intake high amounts of nutrients is recognized in phytosanitary usage in recultivation of post-industrial and overfertilized landscape. It manages nitrogen among other elements well.",
    "from_crop": 2,
    "at_data_string": 11,
    "pages_from": 152,
    "pages_to": 153,
    "at_tag": [
      12,
      2,
      11
    ]
  }
},
{
  "model": "rotator.cropdatasource",
  "pk": 4,
  "fields": {
    "title": "Kapusta Abisyńska - MwP",
    "descr": "Roślina produkująca dużo biomasy, łatwa w niszczeniu, o przedłużonym okresie wegetacji (150 dni). Rośnie na słabych i luźnych glebaci. Jest zatem świetnym kandydatem na międzyplon. Może być również używana jako warzywo liściaste i oleiste. Posiada głęboki system korzeniowy. Należy zachować szczególną ostrożność przy stosowaniu tego gatunku jako paszy dla zwierząt!",
    "descr_pl": "Roślina produkująca dużo biomasy, łatwa w niszczeniu, o przedłużonym okresie wegetacji (150 dni). Rośnie na słabych i luźnych glebaci. Jest zatem świetnym kandydatem na międzyplon. Może być również używana jako warzywo liściaste i oleiste. Posiada głęboki system korzeniowy. Należy zachować szczególną ostrożność przy stosowaniu tego gatunku jako paszy dla zwierząt!",
    "descr_en": "This species produces large amounts of biomass, is easy to destroy and has long vegetation period (150 days). Grows on weak and loose soils. It's therefore great candidate for a cover crop. It can also be used as leaf vegetable and oil source. It produces deep roots. Please be extra  cautious while using this plant as livestock feed!",
    "from_crop": 3,
    "at_data_string": 11,
    "pages_from": 154,
    "pages_to": 155,
    "at_tag": [
      11,
      13
    ]
  }
},
{
  "model": "rotator.cropdatasource",
  "pk": 5,
  "fields": {
    "title": "Rzodkiew oleista - MwP",
    "descr": "Nadaje się do uprawy na wszelkich glebach i w każdych warunkach. Silny korzeń palowy przebija podeszwę płużną. Produkuje dużo biomasy, jest odporna na ślimaki i suszę. Dodatkowo jest rośliną miododajną. Łatwa do niszczenia i wrażliwa na mróz - dobry gatunek na międzyplon.",
    "descr_pl": "Nadaje się do uprawy na wszelkich glebach i w każdych warunkach. Silny korzeń palowy przebija podeszwę płużną. Produkuje dużo biomasy, jest odporna na ślimaki i suszę. Dodatkowo jest rośliną miododajną. Łatwa do niszczenia i wrażliwa na mróz - dobry gatunek na międzyplon.",
    "descr_en": "Well suited for any type of soil in any circumstances. Powerful stem root pierces through compacted soil with ease. Produces lots of biomass and is resistant to slugs and drought. Also it is a nectar source. It's easy to destroy mechanically and by frost witch makes it a great cover crop.",
    "from_crop": 4,
    "at_data_string": 11,
    "pages_from": 156,
    "pages_to": 157,
    "at_tag": [
      2,
      11,
      14
    ]
  }
},
{
  "model": "rotator.cropdatasource",
  "pk": 6,
  "fields": {
    "title": "Rzodkiew Japońska - MwP",
    "descr": "Ta odmiana rzodkwi skutecznie tłumi chwasty wiążąc cały dostępny w glebie azot i nie pozostawiając go innym roślinom. Ze względu na częściowo wystający z ziemi korzeń jest łatwa w niszczeniu mechanicznym. Nie drewnieje i zniszczona łatwo oddaje wszystkie zgromadzone składniki odżywcze roślinie następczej. Jest wymagająca względem wilgoci, ciepła i przestrzeni. Dobrze spulchnia glebę. Szczególnie polecana na przedplon kukurydzy w uprawie strip-till.",
    "descr_pl": "Ta odmiana rzodkwi skutecznie tłumi chwasty wiążąc cały dostępny w glebie azot i nie pozostawiając go innym roślinom. Ze względu na częściowo wystający z ziemi korzeń jest łatwa w niszczeniu mechanicznym. Nie drewnieje i zniszczona łatwo oddaje wszystkie zgromadzone składniki odżywcze roślinie następczej. Jest wymagająca względem wilgoci, ciepła i przestrzeni. Dobrze spulchnia glebę. Szczególnie polecana na przedplon kukurydzy w uprawie strip-till.",
    "descr_en": "This radish species is particularily efficient at suppressing weeds by depriving them of nitrogen. Due to its root being partially exposed it is easily destroyed mechanically. It won't lignify and if destroyed it will easily return accumulated nutrients to be used by following crop. It is demanding in terms of warmth, humidity and space. It loosens the soil well. Good forecrop to corn.",
    "from_crop": 5,
    "at_data_string": 11,
    "pages_from": 158,
    "pages_to": 160,
    "at_tag": [
      5,
      11
    ]
  }
},
{
  "model": "rotator.cropdatasource",
  "pk": 7,
  "fields": {
    "title": "Rzepak - MwP",
    "descr": "Rzepak oleisty, oraz rzepak pastewny są dość łatwe w uprawie. Jako międzyplon często stosuje się je w mieszankach z innymi roślinami w płodozmianach, gdzie rzepak już nie występuje. Produces lots of quality biomass. Ze względu na luksusowe pobierania azotu działa tłumiąco na chwasty. Można go domieszać lub (co się czasami spotyka w praktyce) pozostawiać nieliczne samosiewy w roślinie następczej, aby zamiast niej przyciągał ślimaki.",
    "descr_pl": "Rzepak oleisty, oraz rzepak pastewny są dość łatwe w uprawie. Jako międzyplon często stosuje się je w mieszankach z innymi roślinami w płodozmianach, gdzie rzepak już nie występuje. Produces lots of quality biomass. Ze względu na luksusowe pobierania azotu działa tłumiąco na chwasty. Można go domieszać lub (co się czasami spotyka w praktyce) pozostawiać nieliczne samosiewy w roślinie następczej, aby zamiast niej przyciągał ślimaki.",
    "descr_en": "Canola is relatively easy to cultivate. As a cover crop it is often planted with other species in rotation plans where canola is not present already. It produces lots of quality biomass. Due to luxuriousy high nitrogen intake it supresses nearby weeds. It can be scarcely mixed with another crop (or in practice use the seeds self-seeded by canola from previous year) for attract slugs instead.",
    "from_crop": 6,
    "at_data_string": 11,
    "pages_from": 161,
    "pages_to": 162,
    "at_tag": [
      5,
      11
    ]
  }
},
{
  "model": "rotator.cropdatasource",
  "pk": 8,
  "fields": {
    "title": "Rzepik - MwP",
    "descr": "Rzepik jest rośliną hydrofilną, rosnącą w pobliżu wód. Lepiej od rzepachu znosi dłuższe przebywanie w stojącej wodzie. Podobnie jak rzodkiew japońska wiąże dużą ilość azotu i dobrze spulchnia glebę dla rośliny następczej. Zimnoodporny, stosowany na terenach górskich i w północno-wschodniej polsce zamiast rzepaku.",
    "descr_pl": "Rzepik jest rośliną hydrofilną, rosnącą w pobliżu wód. Lepiej od rzepachu znosi dłuższe przebywanie w stojącej wodzie. Podobnie jak rzodkiew japońska wiąże dużą ilość azotu i dobrze spulchnia glebę dla rośliny następczej. Zimnoodporny, stosowany na terenach górskich i w północno-wschodniej polsce zamiast rzepaku.",
    "descr_en": "Field mustard is hydrophilic, meaning it grows well near aquifiers. It can stand longer periods of standing water than its cousin canola. Alike japanese radish it uses much nitrogen and loosens soil for next crop. Resistant to cold, used on mountainous terrain and in north-eastern Poland in place of canola.",
    "from_crop": 8,
    "at_data_string": 11,
    "pages_from": 165,
    "pages_to": 166,
    "at_tag": [
      2,
      11,
      15
    ]
  }
},
{
  "model": "rotator.cropdatasource",
  "pk": 9,
  "fields": {
    "title": "Lnianka siewna MwP",
    "descr": "Lnianka siewna to znana od tysiącleci roślina oleista udająca się nawet na słabych glebach. Mimo to produkuje wysokiej jakości olej ceniony w gastronomii. Wyjątkowo skutecznie tłumi rozwój chwastów. Cechuje ją szybki wzrost (90-100 dni). Bardzo dobrze współgra w uprawie współrzędnej ze strączkowymi. Jest rośliną miododajną przyciągającą wszystkie zapylacze.",
    "descr_pl": "Lnianka siewna to znana od tysiącleci roślina oleista udająca się nawet na słabych glebach. Mimo to produkuje wysokiej jakości olej ceniony w gastronomii. Wyjątkowo skutecznie tłumi rozwój chwastów. Cechuje ją szybki wzrost (90-100 dni). Bardzo dobrze współgra w uprawie współrzędnej ze strączkowymi. Jest rośliną miododajną przyciągającą wszystkie zapylacze.",
    "descr_en": "Camelina has been cultivated for thousands of years in regions with poor quality soils as an oilseed crop. It produces high quality oil priced in quisine and as biofuel additive. It is highly efficient in suppressing weeds. It grows fast (90-100 days) and especially well along legumes. As a nectar source it attracts all types of pollinators.",
    "from_crop": 9,
    "at_data_string": 11,
    "pages_from": 167,
    "pages_to": 168,
    "at_tag": [
      5,
      2,
      11
    ]
  }
},
{
  "model": "rotator.cropdatasource",
  "pk": 10,
  "fields": {
    "title": "Owies Siewny - MwP",
    "descr": "Owies jest rośliną silnie konkurującą względem chwastów. W rodzinie wiechlinowatych jest rośliną fitosanitarną, tj. nie przenosi chorób na rośliny następcze. Dzięki rozbudowanemu systemowi korzeniowemu poprawia strukturę gleby, choć trzeba mieć na uwadze, że zużywa również dużo wody. Wytwarza dużo biomasy i jest mało wrażliwy na ślimaki.\r\nNależy go unikać przed wysiewem jęczmienia jarego. Jest znany z właściwości allelopatycznych hamujących wzrost roślin dwuliściennych - w tym kapustowatych.",
    "descr_pl": "Owies jest rośliną silnie konkurującą względem chwastów. W rodzinie wiechlinowatych jest rośliną fitosanitarną, tj. nie przenosi chorób na rośliny następcze. Dzięki rozbudowanemu systemowi korzeniowemu poprawia strukturę gleby, choć trzeba mieć na uwadze, że zużywa również dużo wody. Wytwarza dużo biomasy i jest mało wrażliwy na ślimaki.\r\nNależy go unikać przed wysiewem jęczmienia jarego. Jest znany z właściwości allelopatycznych hamujących wzrost roślin dwuliściennych - w tym kapustowatych.",
    "descr_en": "Oat is strongly competitive against weeds. In poaceae family it is considered phytosanitary, meaning it does not pass pathogens to following crops. Thanks to its vast root system oat enhances soil structure, although one must bear in mind its high water intake. As a result oat produces considerable amounts of biomas. It is also resistant to slugs.\r\nOne should avoid sowing oat right before barley. Oat is also known for it’s negaitve allelopatic influence on some of dicotyledons, notably Brassicae.",
    "from_crop": 10,
    "at_data_string": 11,
    "pages_from": 170,
    "pages_to": 172,
    "at_tag": [
      12,
      5,
      11
    ]
  }
},
{
  "model": "rotator.cropdatasource",
  "pk": 11,
  "fields": {
    "title": "Owies szorstki - MwP",
    "descr": "Owies szorstki to idealna roślina zarówno na paszę jak i do biogazowni. Nie zużywa dużych ilości wody ani składników pokarmowych, za to wiąże w sobie dużo węgla, produkując duże ilości biomasy (4-5 ton suchej masy na hektar). Jest konkurencyjny względem chwastów i mało wrażliwy na choroby.",
    "descr_pl": "Owies szorstki to idealna roślina zarówno na paszę jak i do biogazowni. Nie zużywa dużych ilości wody ani składników pokarmowych, za to wiąże w sobie dużo węgla, produkując duże ilości biomasy (4-5 ton suchej masy na hektar). Jest konkurencyjny względem chwastów i mało wrażliwy na choroby.",
    "descr_en": "Black oat is perfect both as animal feed and for usage in biogas plants. It uses little watter and nutrients, at the same time binding lots of carbon to produce copious amounts of biomass (around 4-5 tons per ha).  It is competitive against weeds and generally resistant to pathogens.",
    "from_crop": 11,
    "at_data_string": 11,
    "pages_from": 173,
    "pages_to": 175,
    "at_tag": [
      12,
      5,
      11,
      14
    ]
  }
},
{
  "model": "rotator.cropdatasource",
  "pk": 12,
  "fields": {
    "title": "Żyto zwyczajne - MwP",
    "descr": "Żyto zwyczajne jest w polskim klimacie łatwe i tanie w uprawie.  Dobrze rośnie na słabych, lekkich, piaszczystych i suchych glebach. Dobrze znosi zimno. Szybko wytwarza dużą ilość biomasy. W związku z tym bywa wysiewana metodą siewu bezpośredniego pod późno dojrzewającą kukurydzę i soję, a w rolnictwie ekologicznym także bobowate, oraz warzywa polowe (np. ogórek, dynia i pomidor), gdyż zapewnia im gęstą warstwę mulczową. Skutecznie zwalcza i zagłusza chwasty - ma właściwości allelopatyczne. Przyciąga ślimaki. Jako, że jest szczególnie narażone na sporysz (Cleviceps purpurea), trzeba zachować szczególną ostrożność jeśli żyto pojawia się w płodozmianie zbożowym.\r\n\r\nUwaga: Odpowiednikiem pastewnym żyta zwyczajnego o zbliżonych właściwościach jest tzw. \"żyto krzyca\" (secale multicaule).",
    "descr_pl": "Żyto zwyczajne jest w polskim klimacie łatwe i tanie w uprawie.  Dobrze rośnie na słabych, lekkich, piaszczystych i suchych glebach. Dobrze znosi zimno. Szybko wytwarza dużą ilość biomasy. W związku z tym bywa wysiewana metodą siewu bezpośredniego pod późno dojrzewającą kukurydzę i soję, a w rolnictwie ekologicznym także bobowate, oraz warzywa polowe (np. ogórek, dynia i pomidor), gdyż zapewnia im gęstą warstwę mulczową. Skutecznie zwalcza i zagłusza chwasty - ma właściwości allelopatyczne. Przyciąga ślimaki. Jako, że jest szczególnie narażone na sporysz (Cleviceps purpurea), trzeba zachować szczególną ostrożność jeśli żyto pojawia się w płodozmianie zbożowym.\r\n\r\nUwaga: Odpowiednikiem pastewnym żyta zwyczajnego o zbliżonych właściwościach jest tzw. \"żyto krzyca\" (secale multicaule).",
    "descr_en": "Rye is cheap and easy to cultivate in polish climate. It grows well on weak, light, sandy and dry soils. Widthstands cold tempertatures well. It quickly produces much biomass. Because of that it is often planted used direct drilling technique with late-ripening maize and soy. In ecological agriculture it’s also sown with fabaceae, and field vegetables (like cucumber, pumpkin and tomato), as it provides them with thick mulch layer. Rye shows allelopatic properties and efficiently supresses weeds. It attracts slugs. As it is especially prone to attacks by Ergot (Cleviceps purpurea), one needs to be carefull about including Rye in rotation plan containing other cereals.\r\n\r\nNote: Plant used as animal feed equivalent to secale cereale is secale multicaule.",
    "from_crop": 12,
    "at_data_string": 11,
    "pages_from": 176,
    "pages_to": 177,
    "at_tag": [
      12,
      5,
      11,
      14
    ]
  }
},
{
  "model": "rotator.cropdatasource",
  "pk": 13,
  "fields": {
    "title": "Przenżyto - MwP",
    "descr": "Przenżyto jest mieszańcem żyta i pszenicy. Wykazuje od żyta mniejsze zdolności konkurencyjne i większą podatność na choroby i szkodniki. Zużywa jednak mniej azotu niż pszenica i rośnie na gorszych glebach. Dobrze nadaje się na roślinę pastewną. Dobrze penetruje glebę, co w mieszance międzyplonowej czyni go dobrym przedplonem dla takich roślin jarych jak kukurydza, słonecznik, czy burak.",
    "descr_pl": "Przenżyto jest mieszańcem żyta i pszenicy. Wykazuje od żyta mniejsze zdolności konkurencyjne i większą podatność na choroby i szkodniki. Zużywa jednak mniej azotu niż pszenica i rośnie na gorszych glebach. Dobrze nadaje się na roślinę pastewną. Dobrze penetruje glebę, co w mieszance międzyplonowej czyni go dobrym przedplonem dla takich roślin jarych jak kukurydza, słonecznik, czy burak.",
    "descr_en": "Triticale is a hybrid of rye and wheat. Its' competitive tendencies are weaker than that of rye and at the same time it is more prone to pathogens. Triticale uses however less nitrogen than wheat and grows on weaker soils. It is good for animal feed. Triticale loosens soil, which in cover crop mix makes for a good forecrop before annual plants like maize, sunflower, or beet.",
    "from_crop": 17,
    "at_data_string": 11,
    "pages_from": 180,
    "pages_to": 181,
    "at_tag": [
      11
    ]
  }
},
{
  "model": "rotator.cropdatasource",
  "pk": 14,
  "fields": {
    "title": "Jęczmień MwP",
    "descr": "Jęczmień, pomimo podatności na choroby,  która ujawnia się głównie wraz ze wzrostem wilgotności, jest dobrą rośliną na międzyplon letni. Roślina jest bowiem odporna na suszę już na wczesnym etapie wzrostu, co daje jej istotną przewagę konkurencyjną nad chwastami.",
    "descr_pl": "Jęczmień, pomimo podatności na choroby,  która ujawnia się głównie wraz ze wzrostem wilgotności, jest dobrą rośliną na międzyplon letni. Roślina jest bowiem odporna na suszę już na wczesnym etapie wzrostu, co daje jej istotną przewagę konkurencyjną nad chwastami.",
    "descr_en": "Barley, despite its susceptibility to pathogens, which rises with rising humidity, is a good plant for summer cover crop. This is the case because of its drought resistance shown even in early stages of development which gives barley competitive advantage over weeds in dry conditions.",
    "from_crop": 16,
    "at_data_string": 11,
    "pages_from": 182,
    "pages_to": 183,
    "at_tag": [
      5,
      11,
      14
    ]
  }
},
{
  "model": "rotator.cropdatasource",
  "pk": 15,
  "fields": {
    "title": "Życica Wielokwiatowa - MwP",
    "descr": "Ze względu na pobieranie dużych dawek azotu jest rośliną konkurencyjną wobec chwastów. Niestety z tego samego powodu może obniżyć plon kolejnych plonów głównych. Odporna na zacienienie, a więc może być stosowana jako wsiewka, co jest nie bez znaczenia wziąwszy pod uwagę jak długo rośnie.\r\nOdporna na okresowe susze i podmywanie. Bardzo dobrze uprawia się zwłaszcza z koniczyną krwistoczerwoną z którą ma porównywalny cykl wzrostu. Razem dają świetną mieszankę paszową.",
    "descr_pl": "Ze względu na pobieranie dużych dawek azotu jest rośliną konkurencyjną wobec chwastów. Niestety z tego samego powodu może obniżyć plon kolejnych plonów głównych. Odporna na zacienienie, a więc może być stosowana jako wsiewka, co jest nie bez znaczenia wziąwszy pod uwagę jak długo rośnie.\r\nOdporna na okresowe susze i podmywanie. Bardzo dobrze uprawia się zwłaszcza z koniczyną krwistoczerwoną z którą ma porównywalny cykl wzrostu. Razem dają świetną mieszankę paszową.",
    "descr_en": "Due to its high nitrogen intake, the Westerwolds ryegrass is highly competitive against weeds. Umfortunately due to the same properties it may as well lower the output of subsequent crops. This species is resistant to shading and so it might be used as a catch crop, which is useful considering the fact its growth cycle is long. It grows particularly well with crimson clover with which it has comparable growth cycles. Together those two make for excellent animal feed mix.",
    "from_crop": 20,
    "at_data_string": 11,
    "pages_from": 184,
    "pages_to": 185,
    "at_tag": [
      5,
      11,
      15,
      14
    ]
  }
},
{
  "model": "rotator.cropdatasource",
  "pk": 16,
  "fields": {
    "title": "Sorgo Dwubarwne - MwP",
    "descr": "Sorgo jest rośliną tropikalną sprowadzoną i uprawianą w Polsce od niedawna ze względu na początkowe problemy z uzyskaniem odpowiedniej odmiany zdolnej wydać nasiona w odpowiedni krótkim czasie. Sorgo produkuje duże ilości biomasy i zostawia dużo resztek pożniwnych. Posiada głęboki, rozległy system korzeniowy dzięki któremu w późniejszych fazach rozwoju jest w stanie znieść zarówno okresy suszy (kiedy to wstrzymuje rozwój) jak i nadmiernego uwilgotnienia gleby. Sorgo jest rośliną silnie konkurencyjną względem chwastów, jak również wykazuje właściwości allelopatyczne (sorgol). Zniszczone odpowiednio wcześnie wytwarza substancję zwalczającą nicienie. Sorgo jest wrażliwe na wymarzanie.\r\nUwaga: Jeśli w trakcie pierwszej fazy wzrostu sorgo dozna stresu, to nie będzie się już nadawać na paszę dla zwierząt (wytworzy glukozydy cyjanogenne z których uwalniany jest kwas pruski).",
    "descr_pl": "Sorgo jest rośliną tropikalną sprowadzoną i uprawianą w Polsce od niedawna ze względu na początkowe problemy z uzyskaniem odpowiedniej odmiany zdolnej wydać nasiona w odpowiedni krótkim czasie. Sorgo produkuje duże ilości biomasy i zostawia dużo resztek pożniwnych. Posiada głęboki, rozległy system korzeniowy dzięki któremu w późniejszych fazach rozwoju jest w stanie znieść zarówno okresy suszy (kiedy to wstrzymuje rozwój) jak i nadmiernego uwilgotnienia gleby. Sorgo jest rośliną silnie konkurencyjną względem chwastów, jak również wykazuje właściwości allelopatyczne (sorgol). Zniszczone odpowiednio wcześnie wytwarza substancję zwalczającą nicienie. Sorgo jest wrażliwe na wymarzanie.\r\nUwaga: Jeśli w trakcie pierwszej fazy wzrostu sorgo dozna stresu, to nie będzie się już nadawać na paszę dla zwierząt (wytworzy glukozydy cyjanogenne z których uwalniany jest kwas pruski).",
    "descr_en": "Sorghum is a tropical plant imported and cultivated in Poland since relatively recently due to difficulties with obtaining varieties capable of producing seeds in shorter periods of time. Sorghum produces copiuos amounts of biomass and leaves lots of crop residues. It has a vast and deep root system thanks to which in later developmental stages it can widthstand both periods of drought (when it stops growth) as well as over-moist soil. Sorghum is highly competitive against weeds and shows allelopatic properties (sorghol). Destroyed early it will produce substances deadly to nematodes. Sorgo is sensitive to cold.\r\nWarning: If during first stage of development sorghum undergoes stress it won't be feasible as animal feed (it will produce cyanogenic glucosides which in turn release prussic acid).",
    "from_crop": 24,
    "at_data_string": 11,
    "pages_from": 188,
    "pages_to": 189,
    "at_tag": [
      12,
      5,
      11,
      15,
      14,
      13
    ]
  }
},
{
  "model": "rotator.cropdatasource",
  "pk": 17,
  "fields": {
    "title": "Rosplenica Perłowa - MwP",
    "descr": "Rosplenica perłowa dobrze radzi sobie w trudnych warunkach, tj. w trakcie suszy, na słabych, kwaśnych i piaszczystych glebach. Jest wielką, silnie konkurencyjną rośliną, która dostarcza dużo biomasy i produkuje dobrej jakości paszy. Tak jak sorgo nadaje się więc np. do biogazowni. Zmniejsza populację nicieni w glebie, przez co dobrze oddziaływuje szczególnie na płodozmiany warzywne. Wymaga wysokich temperatur i łatwo wymarza.",
    "descr_pl": "Rosplenica perłowa dobrze radzi sobie w trudnych warunkach, tj. w trakcie suszy, na słabych, kwaśnych i piaszczystych glebach. Jest wielką, silnie konkurencyjną rośliną, która dostarcza dużo biomasy i produkuje dobrej jakości paszy. Tak jak sorgo nadaje się więc np. do biogazowni. Zmniejsza populację nicieni w glebie, przez co dobrze oddziaływuje szczególnie na płodozmiany warzywne. Wymaga wysokich temperatur i łatwo wymarza.",
    "descr_en": "Pearl millet manages well in hard conditions like drought, light, weak, acidic, and sandy soils. It is a huge competitive plant producing lots of biomass which makes for good animal feed. This means that it will, just like Sorghum, work well in biogas plants. It kills harmful nematodes which is beneficial especially in vegetable rotation plans. Pearl millet requires high temperatures to grow and easily succumbs to cold.",
    "from_crop": 27,
    "at_data_string": 11,
    "pages_from": 195,
    "pages_to": 196,
    "at_tag": [
      12,
      5,
      11,
      14
    ]
  }
},
{
  "model": "rotator.cropdatasource",
  "pk": 18,
  "fields": {
    "title": "Słonecznik - MwP",
    "descr": "Słonecznik jest szybko rosnącą, wydajną rośliną wytrzymałą na suszę. Dobrze rośnie zwłaszcza na ciężkich gliniastych glebach, które spulchnia rozległym systemem korzeniowym. Wykazuje konkurencyjność wobec chwastów, ale lepiej stosować go w mieszankach z roślinami zajmującymi niższe piętra łanu. Dobrze rośnie zwłaszcza po zbożach ozimych. Słonecznik z racji swojego pokroju może służyć za tyczkę dla roślin pnących, zwłacza dla bobowatych jak wyka czy groch. Po wymarznięciu w zimie roślina nie przewraca się, dzięki temu ziemia łatwiej wysycha i nagrzewa się na następny sezon.",
    "descr_pl": "Słonecznik jest szybko rosnącą, wydajną rośliną wytrzymałą na suszę. Dobrze rośnie zwłaszcza na ciężkich gliniastych glebach, które spulchnia rozległym systemem korzeniowym. Wykazuje konkurencyjność wobec chwastów, ale lepiej stosować go w mieszankach z roślinami zajmującymi niższe piętra łanu. Dobrze rośnie zwłaszcza po zbożach ozimych. Słonecznik z racji swojego pokroju może służyć za tyczkę dla roślin pnących, zwłacza dla bobowatych jak wyka czy groch. Po wymarznięciu w zimie roślina nie przewraca się, dzięki temu ziemia łatwiej wysycha i nagrzewa się na następny sezon.",
    "descr_en": "Sunflower is a fast growing, efficient, drought-resistant plant. It grows well especially on hard clay soils, which it loosens with its vast root system. It shows comptetitiveness towards weeds, however its best used together with other plants that will take lower levels of the field. It grows well especially after annual cereals. Sunflower due to its height may be used as a pole for vines, especially fabacae like vetches or peas. After having frozen over in winter it does not however fall over and hence it's easier for soil to dry and and warm for the next season.",
    "from_crop": 22,
    "at_data_string": 11,
    "pages_from": 198,
    "pages_to": 200,
    "at_tag": [
      5,
      11,
      14
    ]
  }
},
{
  "model": "rotator.cropdatasource",
  "pk": 19,
  "fields": {
    "title": "Olejarka Abisyńska MwP",
    "descr": "Olejarka abisyńska to spokrewniona ze słonecznikiem, ciepłolubna roślina o wysokim pokroju. Wysiana wcześnie wytworzy dużo biomasy i skutecznie zacieni glebę zagłuszając chwasty. Do tego posiada specyficzne dla niej właściwości allelopatyczne resztek roślinnych, chwasty zostają tłumione jeszcze po jej zbiorze lub wymarznięciu. Posiada rozległy system korzeniowy. Dobrze współgra z rzepakiem ozimym, przyciągając ślimaki. Szczególnie dobrze sprawdza się w zmianowaniu po uprawie wczesnych warzyw.",
    "descr_pl": "Olejarka abisyńska to spokrewniona ze słonecznikiem, ciepłolubna roślina o wysokim pokroju. Wysiana wcześnie wytworzy dużo biomasy i skutecznie zacieni glebę zagłuszając chwasty. Do tego posiada specyficzne dla niej właściwości allelopatyczne resztek roślinnych, chwasty zostają tłumione jeszcze po jej zbiorze lub wymarznięciu. Posiada rozległy system korzeniowy. Dobrze współgra z rzepakiem ozimym, przyciągając ślimaki. Szczególnie dobrze sprawdza się w zmianowaniu po uprawie wczesnych warzyw.",
    "descr_en": "Nyjer is related to sunflower, warmth-tolerant, high-growth plant. Sown early produces large quantities of biomass with which it covers soil efficiently suppressing weeds. Additionally its remains possess  specific allelopatic properties which means that even after the plant is harvested or freezes-over, weeds are still suppressed. Nyjer has vast root system. It is a good choice to grow along Canola as it attracts slugs.  It grows especially well sown right after early vegetables.",
    "from_crop": 28,
    "at_data_string": 11,
    "pages_from": 201,
    "pages_to": 202,
    "at_tag": [
      12,
      5,
      11
    ]
  }
},
{
  "model": "rotator.cropdatasource",
  "pk": 20,
  "fields": {
    "title": "Facelia Błękitna - MwP",
    "descr": "Facelia błękitna z racji pochodzenia posiada naturalną tolerancję na suszę. Posiada rozległy system korzeniowy, który sprawdza się szczególnie dobrze na zwartych, gliniastych glebach i w tzw. \"uprawie zerowej\". Wytwarza dużo biomasy i łatwo wiąże składniki pokarmowe, przez co bardzo dobrze nadaje się na międzyplon. Jest jedną z najbardziej produktywnych roślin miododajnych - zdarza się jej zakaz uprawy przy sadach ze względu na to, że odciąga zapylacze od drzew owocowych. Dobrze uprawia się ją z innymi roślinami - zwłaszcza ze słonecznikiem i rzodkwią oleistą, które stanowią dla niej podporę, oraz praktycznie ze wszystkimi bobowatymi.",
    "descr_pl": "Facelia błękitna z racji pochodzenia posiada naturalną tolerancję na suszę. Posiada rozległy system korzeniowy, który sprawdza się szczególnie dobrze na zwartych, gliniastych glebach i w tzw. \"uprawie zerowej\". Wytwarza dużo biomasy i łatwo wiąże składniki pokarmowe, przez co bardzo dobrze nadaje się na międzyplon. Jest jedną z najbardziej produktywnych roślin miododajnych - zdarza się jej zakaz uprawy przy sadach ze względu na to, że odciąga zapylacze od drzew owocowych. Dobrze uprawia się ją z innymi roślinami - zwłaszcza ze słonecznikiem i rzodkwią oleistą, które stanowią dla niej podporę, oraz praktycznie ze wszystkimi bobowatymi.",
    "descr_en": "Blue tansy due to its origin has natural resistance against drought. It has vast root system which works well especially on compact clay soils and when practicing \"no-tillage\" farming technique. It produces large quantities of biomass and easily takes nutrients from soil which makes it good a cover crop. Blue tansy is one of the most productive nectar sources - it is sometimes forbidden to plant it near orchards due as it distracts pollinators from fruit trees. It grows well along most plants - especially sunflower and Five fodder radish which make for its support, as well as virtually all of fabacae family.",
    "from_crop": 29,
    "at_data_string": 11,
    "pages_from": 203,
    "pages_to": 205,
    "at_tag": [
      2,
      11,
      14
    ]
  }
},
{
  "model": "rotator.cropdatasource",
  "pk": 21,
  "fields": {
    "title": "Len Zwyczajny - MwP",
    "descr": "Len jest rośliną dobrze rosnącą w suchych warunkach. Dobrze przerasta glebę za pomocą palowego systemu korzeniowego. Ma silnie właściwości konkurencyjne, przez co skutecznie tłumi chwasty. Jest stosowany jako roślina pułapkowa w uprawie rzepaku, gdzie przyciąga tzw. \"pchełki ziemne\" (Alticinae). Może być wykorzystywany jako roślina podporowa dla roślin bobowatych. Nie przewraca się nawet po obumarciu.",
    "descr_pl": "Len jest rośliną dobrze rosnącą w suchych warunkach. Dobrze przerasta glebę za pomocą palowego systemu korzeniowego. Ma silnie właściwości konkurencyjne, przez co skutecznie tłumi chwasty. Jest stosowany jako roślina pułapkowa w uprawie rzepaku, gdzie przyciąga tzw. \"pchełki ziemne\" (Alticinae). Może być wykorzystywany jako roślina podporowa dla roślin bobowatych. Nie przewraca się nawet po obumarciu.",
    "descr_en": "Flax grows well in dry conditions. It grows through soil well with its taproot system. It is competitive against weeds. Flax is used together with Canola as a trap plant for \"flea beetles\" (Alticunae). It can be used as a support plant for fabacae. It won't fall over even after having shrivelled.",
    "from_crop": 30,
    "at_data_string": 11,
    "pages_from": 206,
    "pages_to": 207,
    "at_tag": [
      12,
      5,
      11,
      14
    ]
  }
},
{
  "model": "rotator.cropdatasource",
  "pk": 22,
  "fields": {
    "title": "Gryka siewna - MwP",
    "descr": "Gryka siewna dobrze rośnie na kwaśnych, ubogich glebach z niedoborem azotu. Doskonale tłumi chwasty. Dobrze oprawia się z wczesnymi uprawami koniczyny, lucerny, oraz wraz z rzepakiem i słonecznikiem. Jest dobrym przedplonem dla zbóż. Gryka jest również rośliną miododajną.",
    "descr_pl": "Gryka siewna dobrze rośnie na kwaśnych, ubogich glebach z niedoborem azotu. Doskonale tłumi chwasty. Dobrze oprawia się z wczesnymi uprawami koniczyny, lucerny, oraz wraz z rzepakiem i słonecznikiem. Jest dobrym przedplonem dla zbóż. Gryka jest również rośliną miododajną.",
    "descr_en": "Buckwheat grows well on acidic, poor, nitrogen deficient soils. It excells at supressing weeds. Buckwheat grows well along early clovers, burclover, or even along canola or sunflower. It is a good pre-crop to cereals. Buckwheat is also a nectar source.",
    "from_crop": 31,
    "at_data_string": 11,
    "pages_from": 208,
    "pages_to": 209,
    "at_tag": [
      5,
      2,
      11,
      14
    ]
  }
},
{
  "model": "rotator.cropdatasource",
  "pk": 23,
  "fields": {
    "title": "Groch siewny pastewny - MwP",
    "descr": "Groch siewny pastewny dobrze rośnie na wszystkich glebach i jest tolerancyjny na suszę. Jest łatwy w uprawie i wydajny, szczególnie w połączeniu ze zbożami, lub inną rośliną podporową. Jest dobrą rośliną paszową produkującą duże ilości biomasy. Jest dość odporny na choroby. Ogólnie jest to jeden z najkorzystniejszych międzyplonów jakie można wybrać.",
    "descr_pl": "Groch siewny pastewny dobrze rośnie na wszystkich glebach i jest tolerancyjny na suszę. Jest łatwy w uprawie i wydajny, szczególnie w połączeniu ze zbożami, lub inną rośliną podporową. Jest dobrą rośliną paszową produkującą duże ilości biomasy. Jest dość odporny na choroby. Ogólnie jest to jeden z najkorzystniejszych międzyplonów jakie można wybrać.",
    "descr_en": "Field pea grows well on any soil and is drought-tolerant. It it easy to cultivate and efficient, especially together with cereals or other support plant. It is good as animal feed and it produces lots of biomass. Field pea is rather resistant to disease. Generally it is one of the best cover crops one might choose.",
    "from_crop": 35,
    "at_data_string": 11,
    "pages_from": 213,
    "pages_to": 215,
    "at_tag": [
      11,
      14,
      20
    ]
  }
},
{
  "model": "rotator.cropdatasource",
  "pk": 24,
  "fields": {
    "title": "Wyka siewna - MwP",
    "descr": "Wyka siewna świetnie nadaje się na roślinę pastewną. Produkuje dużo gęstej biomasy, dzięki czemu zagłusza chwasty. Jako roślina pnąca najlepiej radzi sobie w mieszance z odpowiednią rośliną podporową.",
    "descr_pl": "Wyka siewna świetnie nadaje się na roślinę pastewną. Produkuje dużo gęstej biomasy, dzięki czemu zagłusza chwasty. Jako roślina pnąca najlepiej radzi sobie w mieszance z odpowiednią rośliną podporową.",
    "descr_en": "Common wench is well suited for animal feed. It produces lots of biomass, thanks to which it supresses weeds. As a vine-type plant it grows best accompanied by support plants.",
    "from_crop": 36,
    "at_data_string": 11,
    "pages_from": 216,
    "pages_to": 218,
    "at_tag": [
      5,
      11,
      20
    ]
  }
},
{
  "model": "rotator.cropdatasource",
  "pk": 25,
  "fields": {
    "title": "Wyka kosmata - MwP",
    "descr": "Wyka kosmata jest gatunkiam bardziej wytrzymałym i konkurencyjnym od wyki siewnej. Daje sobie radę na glebach żyznych i ubogich, jest odporna na suszę i mróz. Efektywnie penetruje glebę dzięki palowemu systemowi korzeniowemu. Pokrywa glebę tak idealnie, że może zastąpić folię biodegradowalną w uprawie kukurydzy, lub warzyw polowych.",
    "descr_pl": "Wyka kosmata jest gatunkiam bardziej wytrzymałym i konkurencyjnym od wyki siewnej. Daje sobie radę na glebach żyznych i ubogich, jest odporna na suszę i mróz. Efektywnie penetruje glebę dzięki palowemu systemowi korzeniowemu. Pokrywa glebę tak idealnie, że może zastąpić folię biodegradowalną w uprawie kukurydzy, lub warzyw polowych.",
    "descr_en": "Hairy vetch is sturdier than common vetch. It grows well on rich and poor soils, and is resistant to cold and drought. It effectively penetrates the soil with its taproot.  It covers the soil so completly it can be used instead of biodegradable foil in corn and field vegetables farming.",
    "from_crop": 37,
    "at_data_string": 11,
    "pages_from": 219,
    "pages_to": 221,
    "at_tag": [
      5,
      11,
      14,
      20
    ]
  }
},
{
  "model": "rotator.cropdatasource",
  "pk": 26,
  "fields": {
    "title": "Soczewica - MwP",
    "descr": "Soczewica jadalna jest szybko rosnącą rośliną, konkurencyjną względem roślin w dolnym piętrze łanu, dzięki czemu skutecznie tłumi chwasty. Posiada delikatny korzeń palowy co pozwala jej na dobrą penetrację gleby. Szczególnie polecana na wysiew współrzędnie z rzepakiem ozimym, który chroni przed chwastami i po wymarznięciu przez zimę dostarcza na wiosnę związanego przez siebie azotu i innych uwolnionych składników.",
    "descr_pl": "Soczewica jadalna jest szybko rosnącą rośliną, konkurencyjną względem roślin w dolnym piętrze łanu, dzięki czemu skutecznie tłumi chwasty. Posiada delikatny korzeń palowy co pozwala jej na dobrą penetrację gleby. Szczególnie polecana na wysiew współrzędnie z rzepakiem ozimym, który chroni przed chwastami i po wymarznięciu przez zimę dostarcza na wiosnę związanego przez siebie azotu i innych uwolnionych składników.",
    "descr_en": "Lens is fast growing plant, competitive against plants taking low levels of the mix, which makes it competitive against weeds. It has delicate taproot which allows it to reach deeply into soil. Lens is especially effective together with perennial canola, which it protects from weeds, and after having frozen-over through winter it releases accumulated nitrogen and other nutrients in spring.",
    "from_crop": 39,
    "at_data_string": 11,
    "pages_from": 224,
    "pages_to": 226,
    "at_tag": [
      5,
      11
    ]
  }
},
{
  "model": "rotator.cropdatasource",
  "pk": 27,
  "fields": {
    "title": "Kultywary Kapusty - UWiP",
    "descr": "Z wyjątkiem Kalarepy.",
    "descr_pl": "Z wyjątkiem Kalarepy.",
    "descr_en": "Without Kohlrabi.",
    "from_crop": 66,
    "at_data_string": 32,
    "pages_from": 48,
    "pages_to": null,
    "at_tag": [
      18
    ]
  }
},
{
  "model": "rotator.cropdatasource",
  "pk": 28,
  "fields": {
    "title": "Karczoch - UWiP",
    "descr": null,
    "descr_pl": null,
    "descr_en": null,
    "from_crop": 58,
    "at_data_string": 32,
    "pages_from": 48,
    "pages_to": null,
    "at_tag": [
      18
    ]
  }
},
{
  "model": "rotator.cropdatasource",
  "pk": 29,
  "fields": {
    "title": "Fasola Karłowa - UWiP",
    "descr": null,
    "descr_pl": null,
    "descr_en": null,
    "from_crop": 59,
    "at_data_string": 32,
    "pages_from": 48,
    "pages_to": null,
    "at_tag": [
      18
    ]
  }
},
{
  "model": "rotator.cropdatasource",
  "pk": 30,
  "fields": {
    "title": "Kapusta Chińska - UWiP",
    "descr": null,
    "descr_pl": null,
    "descr_en": null,
    "from_crop": 60,
    "at_data_string": 32,
    "pages_from": 48,
    "pages_to": null,
    "at_tag": [
      18
    ]
  }
},
{
  "model": "rotator.cropdatasource",
  "pk": 31,
  "fields": {
    "title": "Cykoria Endywia - UWiP",
    "descr": null,
    "descr_pl": null,
    "descr_en": null,
    "from_crop": 61,
    "at_data_string": 32,
    "pages_from": 48,
    "pages_to": null,
    "at_tag": [
      18
    ]
  }
},
{
  "model": "rotator.cropdatasource",
  "pk": 32,
  "fields": {
    "title": "Groch- UWiP",
    "descr": null,
    "descr_pl": null,
    "descr_en": null,
    "from_crop": 56,
    "at_data_string": 32,
    "pages_from": 48,
    "pages_to": null,
    "at_tag": [
      18
    ]
  }
},
{
  "model": "rotator.cropdatasource",
  "pk": 33,
  "fields": {
    "title": "Roszpunka - UWiP",
    "descr": null,
    "descr_pl": null,
    "descr_en": null,
    "from_crop": 62,
    "at_data_string": 32,
    "pages_from": 48,
    "pages_to": null,
    "at_tag": [
      18
    ]
  }
},
{
  "model": "rotator.cropdatasource",
  "pk": 34,
  "fields": {
    "title": "Ogórek - UWiP",
    "descr": null,
    "descr_pl": null,
    "descr_en": null,
    "from_crop": 63,
    "at_data_string": 32,
    "pages_from": 48,
    "pages_to": null,
    "at_tag": [
      18
    ]
  }
},
{
  "model": "rotator.cropdatasource",
  "pk": 35,
  "fields": {
    "title": "Ziemniak - UWiP",
    "descr": null,
    "descr_pl": null,
    "descr_en": null,
    "from_crop": 33,
    "at_data_string": 32,
    "pages_from": 48,
    "pages_to": null,
    "at_tag": []
  }
},
{
  "model": "rotator.cropdatasource",
  "pk": 36,
  "fields": {
    "title": "Fenkuł Włoski - UWiP",
    "descr": null,
    "descr_pl": null,
    "descr_en": null,
    "from_crop": 65,
    "at_data_string": 32,
    "pages_from": 48,
    "pages_to": null,
    "at_tag": [
      18
    ]
  }
},
{
  "model": "rotator.cropdatasource",
  "pk": 37,
  "fields": {
    "title": "Sałata - UWiP",
    "descr": null,
    "descr_pl": null,
    "descr_en": null,
    "from_crop": 68,
    "at_data_string": 32,
    "pages_from": 48,
    "pages_to": null,
    "at_tag": [
      18
    ]
  }
},
{
  "model": "rotator.cropdatasource",
  "pk": 38,
  "fields": {
    "title": "Kalarepa - UWiP",
    "descr": null,
    "descr_pl": null,
    "descr_en": null,
    "from_crop": 67,
    "at_data_string": 32,
    "pages_from": 48,
    "pages_to": null,
    "at_tag": [
      18
    ]
  }
},
{
  "model": "rotator.cropdatasource",
  "pk": 39,
  "fields": {
    "title": "Aksamitki - BoT",
    "descr": "Ze względu na antybakteryjne tiofeny wydzielane przez korzenie, Aksamitek nie należy sadzić w pobliżu roślin bobowatych.",
    "descr_pl": "Ze względu na antybakteryjne tiofeny wydzielane przez korzenie, Aksamitek nie należy sadzić w pobliżu roślin bobowatych.",
    "descr_en": "Due to antibacterial thiophenes exuded by the roots, Tagetes should not be planted near any legume crop",
    "from_crop": 112,
    "at_data_string": 63,
    "pages_from": null,
    "pages_to": null,
    "at_tag": []
  }
},
{
  "model": "rotator.cropdatasource",
  "pk": 40,
  "fields": {
    "title": "Rzepa UWiP",
    "descr": null,
    "descr_pl": null,
    "descr_en": null,
    "from_crop": 69,
    "at_data_string": 32,
    "pages_from": 48,
    "pages_to": null,
    "at_tag": [
      18
    ]
  }
},
{
  "model": "rotator.cropdatasource",
  "pk": 41,
  "fields": {
    "title": "Burak Liściowy - UWiP",
    "descr": null,
    "descr_pl": null,
    "descr_en": null,
    "from_crop": 70,
    "at_data_string": 32,
    "pages_from": 48,
    "pages_to": null,
    "at_tag": [
      18
    ]
  }
},
{
  "model": "rotator.cropdatasource",
  "pk": 42,
  "fields": {
    "title": "Marchew - UWiP",
    "descr": null,
    "descr_pl": null,
    "descr_en": null,
    "from_crop": 34,
    "at_data_string": 32,
    "pages_from": 48,
    "pages_to": null,
    "at_tag": [
      18
    ]
  }
},
{
  "model": "rotator.cropdatasource",
  "pk": 43,
  "fields": {
    "title": "Trętwian czterorożny - UWiP",
    "descr": null,
    "descr_pl": null,
    "descr_en": null,
    "from_crop": 71,
    "at_data_string": 32,
    "pages_from": 48,
    "pages_to": null,
    "at_tag": [
      18
    ]
  }
},
{
  "model": "rotator.cropdatasource",
  "pk": 44,
  "fields": {
    "title": "Papryka - UWiP",
    "descr": null,
    "descr_pl": null,
    "descr_en": null,
    "from_crop": 72,
    "at_data_string": 32,
    "pages_from": 48,
    "pages_to": null,
    "at_tag": [
      18
    ]
  }
},
{
  "model": "rotator.cropdatasource",
  "pk": 45,
  "fields": {
    "title": "pasternak - UWiP",
    "descr": null,
    "descr_pl": null,
    "descr_en": null,
    "from_crop": 73,
    "at_data_string": 32,
    "pages_from": 48,
    "pages_to": null,
    "at_tag": [
      18
    ]
  }
},
{
  "model": "rotator.cropdatasource",
  "pk": 46,
  "fields": {
    "title": "Por - UWiP",
    "descr": null,
    "descr_pl": null,
    "descr_en": null,
    "from_crop": 74,
    "at_data_string": 32,
    "pages_from": 48,
    "pages_to": null,
    "at_tag": [
      18
    ]
  }
},
{
  "model": "rotator.cropdatasource",
  "pk": 47,
  "fields": {
    "title": "Szparag - UWiP",
    "descr": "Wykazuje działanie ochronne przeciwko więdnięciu pomidorów",
    "descr_pl": "Wykazuje działanie ochronne przeciwko więdnięciu pomidorów",
    "descr_en": "Shows protective action against tomato withering",
    "from_crop": 64,
    "at_data_string": 32,
    "pages_from": 49,
    "pages_to": null,
    "at_tag": [
      18
    ]
  }
},
{
  "model": "rotator.cropdatasource",
  "pk": 48,
  "fields": {
    "title": "rzodkiewka - UWiP",
    "descr": null,
    "descr_pl": null,
    "descr_en": null,
    "from_crop": 75,
    "at_data_string": 32,
    "pages_from": 48,
    "pages_to": null,
    "at_tag": [
      18
    ]
  }
},
{
  "model": "rotator.cropdatasource",
  "pk": 49,
  "fields": {
    "title": "Wyka Bób - UWiP",
    "descr": "Działa ochronnie przeciw mszycy kapuścianej (brevicoryne brassicae).",
    "descr_pl": "Działa ochronnie przeciw mszycy kapuścianej (brevicoryne brassicae).",
    "descr_en": "Protects against cabbage aphid (brevicoryne brassicae).",
    "from_crop": 57,
    "at_data_string": 32,
    "pages_from": 49,
    "pages_to": null,
    "at_tag": [
      18
    ]
  }
},
{
  "model": "rotator.cropdatasource",
  "pk": 50,
  "fields": {
    "title": "Rabarbar - UWiP",
    "descr": null,
    "descr_pl": null,
    "descr_en": null,
    "from_crop": 76,
    "at_data_string": 32,
    "pages_from": 48,
    "pages_to": null,
    "at_tag": [
      18
    ]
  }
},
{
  "model": "rotator.cropdatasource",
  "pk": 51,
  "fields": {
    "title": "Burak Ćwikłowy - UWiP",
    "descr": "Działa ochronnie przeciw miękkiej zgniliznie wywoływanej przez bakterię Erwinia carotovora przy marchwi.",
    "descr_pl": "Działa ochronnie przeciw miękkiej zgniliznie wywoływanej przez bakterię Erwinia carotovora przy marchwi.",
    "descr_en": "Acts as a protection against bacterium Erwinia carotovora with carrots",
    "from_crop": 77,
    "at_data_string": 32,
    "pages_from": 48,
    "pages_to": 49,
    "at_tag": [
      18
    ]
  }
},
{
  "model": "rotator.cropdatastring",
  "pk": 11,
  "fields": {
    "title": "Międzyplony w Praktyce",
    "part1": "Thomas F., Matthieu A. 2019. Międzyplony w praktyce",
    "link": null
  }
},
{
  "model": "rotator.cropdatastring",
  "pk": 12,
  "fields": {
    "title": "ROLNICTWO VI",
    "part1": "Grzebisz W. i in. 2020 ROLNICTWO VI",
    "link": null
  }
},
{
  "model": "rotator.cropdatastring",
  "pk": 13,
  "fields": {
    "title": "Zasady układania płodozmianu",
    "part1": "Bliski z., Pikosz M. 2020. ZASADY UKŁADANIA PŁODOZMIANU",
    "link": null
  }
},
{
  "model": "rotator.cropdatastring",
  "pk": 14,
  "fields": {
    "title": "Bilder ur Nordens Flora",
    "part1": "A. M. Lindman 1901-1905 Bilder ur Nordens Flora",
    "link": null
  }
},
{
  "model": "rotator.cropdatastring",
  "pk": 15,
  "fields": {
    "title": "Flora von Deutschland, Österreich und der Schweiz",
    "part1": "Prof. Dr. Otto Wilhelm Thomé 1885 Flora von Deutschland, Österreich und der Schweiz",
    "link": null
  }
},
{
  "model": "rotator.cropdatastring",
  "pk": 16,
  "fields": {
    "title": "Flora Batava of Afbeelding en Beschrijving van Nederlandsche Gevassen",
    "part1": "Jan Kops 1881 Flora Batava of Afbeelding en Beschrijving van Nederlandsche Gevassen, XVI. Deel.",
    "link": null
  }
},
{
  "model": "rotator.cropdatastring",
  "pk": 17,
  "fields": {
    "title": "Köhler's Medizinal-Pflanzen",
    "part1": "Franz Eugen Köhler 1897 Köhler's Medizinal-Pflanzen",
    "link": null
  }
},
{
  "model": "rotator.cropdatastring",
  "pk": 18,
  "fields": {
    "title": "Wikipedia CC - Kapusta Abisyńska",
    "part1": "Ztmcfaul - Self-photographed, Public Domain",
    "link": "https://commons.wikimedia.org/wiki/File:Habesha_gomen_in_Ethiopian_garden.jpg"
  }
},
{
  "model": "rotator.cropdatastring",
  "pk": 19,
  "fields": {
    "title": "Wikipedia CC - Rzepik",
    "part1": "Rasbak - Praca własna, CC BY-SA 3.0",
    "link": "https://commons.wikimedia.org/wiki/File:Brassica_rapa_subsp._oleifera,_raapzaad_plant.jpg"
  }
},
{
  "model": "rotator.cropdatastring",
  "pk": 20,
  "fields": {
    "title": "Wikipedia CC - Rzodkiew Japońska",
    "part1": "Chris 73 / Wikimedia Commons, CC BY-SA 3.0",
    "link": "https://commons.wikimedia.org/wiki/File:Daikon.Japan.jpg"
  }
},
{
  "model": "rotator.cropdatastring",
  "pk": 21,
  "fields": {
    "title": "Wikipedia CC - Pszenżyto",
    "part1": "CC BY-SA 3.0",
    "link": "https://commons.wikimedia.org/wiki/File:Triticale.jpg"
  }
},
{
  "model": "rotator.cropdatastring",
  "pk": 22,
  "fields": {
    "title": "Wikipedia CC - Życica Wielokwiatowa",
    "part1": "Rasbak - Own work, CC BY-SA 3.0",
    "link": "https://commons.wikimedia.org/wiki/File:Westerwolds_raaigras_Lolium_multiflorum.jpg"
  }
},
{
  "model": "rotator.cropdatastring",
  "pk": 23,
  "fields": {
    "title": "Wikipedia CC - Sorgo Dwubarwne",
    "part1": "Christian Fischer, CC BY-SA 3.0",
    "link": "https://commons.wikimedia.org/wiki/File:SorghumBicolor.jpg"
  }
},
{
  "model": "rotator.cropdatastring",
  "pk": 24,
  "fields": {
    "title": "Wikipedia CC - Włośnica Ber",
    "part1": "STRONGlk7 - Own work, CC BY-SA 3.0",
    "link": "https://commons.wikimedia.org/wiki/File:Japanese_Foxtail_millet_02.jpg"
  }
},
{
  "model": "rotator.cropdatastring",
  "pk": 25,
  "fields": {
    "title": "Wikipedia CC - Rosplenica Perłowa",
    "part1": "Public Domain",
    "link": "https://commons.wikimedia.org/wiki/File:Grain_millet,_early_grain_fill,_Tifton,_7-3-02.jpg"
  }
},
{
  "model": "rotator.cropdatastring",
  "pk": 26,
  "fields": {
    "title": "Wikipedia CC - Słonecznik",
    "part1": "Public Domain",
    "link": "https://commons.wikimedia.org/wiki/File:A_sunflower.jpg"
  }
},
{
  "model": "rotator.cropdatastring",
  "pk": 27,
  "fields": {
    "title": "Illustrations of Indian Botany",
    "part1": "Wight, R. 1850 Illustrations of Indian Botany.",
    "link": null
  }
},
{
  "model": "rotator.cropdatastring",
  "pk": 28,
  "fields": {
    "title": "Wikipedia CC - Facelia Błękitna",
    "part1": "Meneerke bloem - Praca własna, CC BY-SA 4.0",
    "link": "https://commons.wikimedia.org/wiki/File:Phacelia_tanacetifolia_RHu_001.JPG"
  }
},
{
  "model": "rotator.cropdatastring",
  "pk": 29,
  "fields": {
    "title": "Wikipedia CC - Groch siewny pasewny",
    "part1": "CC BY-SA 3.0",
    "link": "https://commons.wikimedia.org/w/index.php?curid=194097"
  }
},
{
  "model": "rotator.cropdatastring",
  "pk": 30,
  "fields": {
    "title": "Wikipedia CC - Wyka kosmata",
    "part1": "Optilete - Praca własna, CC BY 3.0",
    "link": "https://commons.wikimedia.org/wiki/File:Vicia.jpg"
  }
},
{
  "model": "rotator.cropdatastring",
  "pk": 31,
  "fields": {
    "title": "Deutschlands Flora in Abbildungen",
    "part1": "Johann Georg Sturm 1796 Deutschlands Flora in Abbildungen",
    "link": null
  }
},
{
  "model": "rotator.cropdatastring",
  "pk": 32,
  "fields": {
    "title": "Uprawa współrzędna i płodozmian",
    "part1": "Sartorius G. 1993. Uprawa Współrzędna i Płodozmian",
    "link": null
  }
},
{
  "model": "rotator.cropdatastring",
  "pk": 33,
  "fields": {
    "title": "Wikipedia CC - Karczoch",
    "part1": "Karelj - Praca własna, Domena publiczna",
    "link": "https://commons.wikimedia.org/w/index.php?curid=7346946"
  }
},
{
  "model": "rotator.cropdatastring",
  "pk": 34,
  "fields": {
    "title": "Wikipedia CC - Fasola Zwykła",
    "part1": "Rasbak - Own work, CC BY-SA 3.0",
    "link": "https://commons.wikimedia.org/w/index.php?curid=265128"
  }
},
{
  "model": "rotator.cropdatastring",
  "pk": 35,
  "fields": {
    "title": "Wikipedia CC - Kapusta Chińska",
    "part1": "Benjwong - Own work, Public Domain",
    "link": "https://commons.wikimedia.org/w/index.php?curid=2259020"
  }
},
{
  "model": "rotator.cropdatastring",
  "pk": 37,
  "fields": {
    "title": "Wikipedia CC - Ogórek",
    "part1": "Stephen Ausmus, USDA ARS - This image was released by the Agricultural Research Service, the research agency of the United States Department of Agriculture, with the ID D730-30 (next)., Public Domain",
    "link": "https://commons.wikimedia.org/wiki/File:ARS_cucumber.jpg"
  }
},
{
  "model": "rotator.cropdatastring",
  "pk": 38,
  "fields": {
    "title": "Wikipedia CC - Ziemniak",
    "part1": "Autorstwa Rasbak 13:48, 11 June 2007 (UTC) - Praca własna, CC BY-SA 3.0",
    "link": "https://commons.wikimedia.org/wiki/File:Solanum_tuberosum_(Aardappelplant)_Nicola.jpg"
  }
},
{
  "model": "rotator.cropdatastring",
  "pk": 39,
  "fields": {
    "title": "Wikipedia CC - Kapusta Warzywna",
    "part1": "Autorstwa Coyau / Wikimedia Commons, CC BY-SA 3.0",
    "link": "https://commons.wikimedia.org/w/index.php?curid=31366674"
  }
},
{
  "model": "rotator.cropdatastring",
  "pk": 40,
  "fields": {
    "title": "Wikipedia CC - Kalarepa",
    "part1": "Autorstwa thebittenword.com - originally posted to Flickr as Clagett Farm CSA 2008 Week 4, CC BY 2.0",
    "link": "https://commons.wikimedia.org/w/index.php?curid=4734875"
  }
},
{
  "model": "rotator.cropdatastring",
  "pk": 41,
  "fields": {
    "title": "Wikipedia CC - Sałata Siewna",
    "part1": "Selena von Eichendorf., GFDL",
    "link": "https://commons.wikimedia.org/w/index.php?curid=8785364"
  }
},
{
  "model": "rotator.cropdatastring",
  "pk": 42,
  "fields": {
    "title": "Wikipedia CC - Rzepa",
    "part1": "Autorstwa Peter Presslein - Praca własna, CC BY-SA 3.0",
    "link": "https://commons.wikimedia.org/w/index.php?curid=369650"
  }
},
{
  "model": "rotator.cropdatastring",
  "pk": 43,
  "fields": {
    "title": "Wikipedia CC - Burak Liściowy",
    "part1": "CC BY-SA 3.0",
    "link": "https://commons.wikimedia.org/w/index.php?curid=225922"
  }
},
{
  "model": "rotator.cropdatastring",
  "pk": 45,
  "fields": {
    "title": "Wikipedia CC - Por",
    "part1": "Kowloonese, CC BY-SA 3.0",
    "link": "https://commons.wikimedia.org/w/index.php?curid=2647128"
  }
},
{
  "model": "rotator.cropdatastring",
  "pk": 46,
  "fields": {
    "title": "Wikipedia CC - Rzodkiewka",
    "part1": "Domena publiczna",
    "link": "https://commons.wikimedia.org/w/index.php?curid=98413"
  }
},
{
  "model": "rotator.cropdatastring",
  "pk": 47,
  "fields": {
    "title": "Wikipedia CC - Rabarbar Kędzierzawy",
    "part1": "Magnus, CC BY-SA 3.0",
    "link": "https://commons.wikimedia.org/w/index.php?curid=16883605"
  }
},
{
  "model": "rotator.cropdatastring",
  "pk": 48,
  "fields": {
    "title": "Wikipedia CC - Burak Ćwikłowy",
    "part1": "CC BY-SA 3.0",
    "link": "https://commons.wikimedia.org/w/index.php?curid=139972"
  }
},
{
  "model": "rotator.cropdatastring",
  "pk": 49,
  "fields": {
    "title": "Wikipedia CC - Wężymord czarny korzeń",
    "part1": "H. Zell - Praca własna, CC BY-SA 3.0",
    "link": "https://commons.wikimedia.org/w/index.php?curid=11073063"
  }
},
{
  "model": "rotator.cropdatastring",
  "pk": 50,
  "fields": {
    "title": "Wikipedia CC - Pomidor",
    "part1": "David Besa z Sonoma, USA - Flickr, CC BY 2.0",
    "link": "https://commons.wikimedia.org/w/index.php?curid=690311"
  }
},
{
  "model": "rotator.cropdatastring",
  "pk": 51,
  "fields": {
    "title": "Wikipedia CC - Cykoria Sałatowa",
    "part1": "Goldlocki - of my own work, CC BY-SA 3.0",
    "link": "https://commons.wikimedia.org/w/index.php?curid=3136441"
  }
},
{
  "model": "rotator.cropdatastring",
  "pk": 52,
  "fields": {
    "title": "Wikipedia CC - Cukinia",
    "part1": "Rasbak - Praca własna, CC BY-SA 3.0",
    "link": "https://commons.wikimedia.org/w/index.php?curid=242316"
  }
},
{
  "model": "rotator.cropdatastring",
  "pk": 53,
  "fields": {
    "title": "Wikipedia CC - Cebula",
    "part1": "GFDL 1.2",
    "link": "https://commons.wikimedia.org/w/index.php?curid=662556"
  }
},
{
  "model": "rotator.cropdatastring",
  "pk": 54,
  "fields": {
    "title": "Flora de Filipinas",
    "part1": "Francisco Manuel Blanco (O.S.A.), 1880-1883, Flora de Filipinas [...] Gran edicion [...] [Atlas II]",
    "link": "https://bibdigital.rjb.csic.es/records/item/9471-flora-de-filipinas-gran-edicion-atlas-ii?offset=10"
  }
},
{
  "model": "rotator.cropdatastring",
  "pk": 55,
  "fields": {
    "title": "Wikipedia CC - Bylica draganek",
    "part1": "I, KENPEI, CC BY-SA 3.0",
    "link": "https://commons.wikimedia.org/w/index.php?curid=2528916"
  }
},
{
  "model": "rotator.cropdatastring",
  "pk": 56,
  "fields": {
    "title": "Gottorfer Codex",
    "part1": "Hans-Simon Holtzbecker, 1649-1659, Gottorfer Codex",
    "link": null
  }
},
{
  "model": "rotator.cropdatastring",
  "pk": 57,
  "fields": {
    "title": "Medical Botany",
    "part1": "William Woodville, 1793, \"Medical botany“",
    "link": null
  }
},
{
  "model": "rotator.cropdatastring",
  "pk": 58,
  "fields": {
    "title": "Wikipedia CC - Rzeżucha",
    "part1": "Atriplexmedia - Praca własna, CC BY-SA 3.0",
    "link": "https://commons.wikimedia.org/w/index.php?curid=19317618"
  }
},
{
  "model": "rotator.cropdatastring",
  "pk": 59,
  "fields": {
    "title": "Wikipedia CC - Lebiodka majeranek",
    "part1": "H. Zell - Own work, CC BY-SA 3.0",
    "link": "https://commons.wikimedia.org/w/index.php?curid=10763816"
  }
},
{
  "model": "rotator.cropdatastring",
  "pk": 60,
  "fields": {
    "title": "Atlas des plantes de France",
    "part1": "Amédée Masclef, 1891, Atlas des plantes de France",
    "link": null
  }
},
{
  "model": "rotator.cropdatastring",
  "pk": 61,
  "fields": {
    "title": "Wikipedia CC - Truskawka",
    "part1": "Joanbanjo - Praca własna, CC BY-SA 4.0",
    "link": "https://commons.wikimedia.org/w/index.php?curid=34211486"
  }
},
{
  "model": "rotator.cropdatastring",
  "pk": 63,
  "fields": {
    "title": "Biosystematics of Tagetes",
    "part1": "Soule, J. A. 1993. Biosystematics of Tagetes (Compositae). Ph.D. Dissertation, University of Texas.",
    "link": null
  }
},
{
  "model": "rotator.cropdatastring",
  "pk": 64,
  "fields": {
    "title": "Wikipedia CC - Trętwian czterorożny",
    "part1": "Kurt Stüber [1] - caliban.mpiz-koeln.mpg.de/mavica/index.html part of www.biolib.de, CC BY-SA 3.0",
    "link": "https://commons.wikimedia.org/w/index.php?curid=6861"
  }
},
{
  "model": "rotator.cropdatastring",
  "pk": 65,
  "fields": {
    "title": "Warzywnictwo",
    "part1": "Legańska Z., Balcerzak L., 2000, Warzywnictwo",
    "link": null
  }
},
{
  "model": "rotator.cropbookstring",
  "pk": 63,
  "fields": {
    "cropdatastring_ptr": 63
  }
},
{
  "model": "rotator.cropbookstring",
  "pk": 11,
  "fields": {
    "cropdatastring_ptr": 11
  }
},
{
  "model": "rotator.cropbookstring",
  "pk": 12,
  "fields": {
    "cropdatastring_ptr": 12
  }
},
{
  "model": "rotator.cropbookstring",
  "pk": 32,
  "fields": {
    "cropdatastring_ptr": 32
  }
},
{
  "model": "rotator.cropbookstring",
  "pk": 65,
  "fields": {
    "cropdatastring_ptr": 65
  }
},
{
  "model": "rotator.cropbookstring",
  "pk": 13,
  "fields": {
    "cropdatastring_ptr": 13
  }
},
{
  "model": "rotator.cropimagestring",
  "pk": 60,
  "fields": {
    "cropdatastring_ptr": 60
  }
},
{
  "model": "rotator.cropimagestring",
  "pk": 14,
  "fields": {
    "cropdatastring_ptr": 14
  }
},
{
  "model": "rotator.cropimagestring",
  "pk": 31,
  "fields": {
    "cropdatastring_ptr": 31
  }
},
{
  "model": "rotator.cropimagestring",
  "pk": 16,
  "fields": {
    "cropdatastring_ptr": 16
  }
},
{
  "model": "rotator.cropimagestring",
  "pk": 54,
  "fields": {
    "cropdatastring_ptr": 54
  }
},
{
  "model": "rotator.cropimagestring",
  "pk": 15,
  "fields": {
    "cropdatastring_ptr": 15
  }
},
{
  "model": "rotator.cropimagestring",
  "pk": 56,
  "fields": {
    "cropdatastring_ptr": 56
  }
},
{
  "model": "rotator.cropimagestring",
  "pk": 27,
  "fields": {
    "cropdatastring_ptr": 27
  }
},
{
  "model": "rotator.cropimagestring",
  "pk": 17,
  "fields": {
    "cropdatastring_ptr": 17
  }
},
{
  "model": "rotator.cropimagestring",
  "pk": 57,
  "fields": {
    "cropdatastring_ptr": 57
  }
},
{
  "model": "rotator.cropimagestring",
  "pk": 43,
  "fields": {
    "cropdatastring_ptr": 43
  }
},
{
  "model": "rotator.cropimagestring",
  "pk": 48,
  "fields": {
    "cropdatastring_ptr": 48
  }
},
{
  "model": "rotator.cropimagestring",
  "pk": 55,
  "fields": {
    "cropdatastring_ptr": 55
  }
},
{
  "model": "rotator.cropimagestring",
  "pk": 53,
  "fields": {
    "cropdatastring_ptr": 53
  }
},
{
  "model": "rotator.cropimagestring",
  "pk": 52,
  "fields": {
    "cropdatastring_ptr": 52
  }
},
{
  "model": "rotator.cropimagestring",
  "pk": 51,
  "fields": {
    "cropdatastring_ptr": 51
  }
},
{
  "model": "rotator.cropimagestring",
  "pk": 28,
  "fields": {
    "cropdatastring_ptr": 28
  }
},
{
  "model": "rotator.cropimagestring",
  "pk": 34,
  "fields": {
    "cropdatastring_ptr": 34
  }
},
{
  "model": "rotator.cropimagestring",
  "pk": 29,
  "fields": {
    "cropdatastring_ptr": 29
  }
},
{
  "model": "rotator.cropimagestring",
  "pk": 40,
  "fields": {
    "cropdatastring_ptr": 40
  }
},
{
  "model": "rotator.cropimagestring",
  "pk": 18,
  "fields": {
    "cropdatastring_ptr": 18
  }
},
{
  "model": "rotator.cropimagestring",
  "pk": 35,
  "fields": {
    "cropdatastring_ptr": 35
  }
},
{
  "model": "rotator.cropimagestring",
  "pk": 39,
  "fields": {
    "cropdatastring_ptr": 39
  }
},
{
  "model": "rotator.cropimagestring",
  "pk": 33,
  "fields": {
    "cropdatastring_ptr": 33
  }
},
{
  "model": "rotator.cropimagestring",
  "pk": 59,
  "fields": {
    "cropdatastring_ptr": 59
  }
},
{
  "model": "rotator.cropimagestring",
  "pk": 37,
  "fields": {
    "cropdatastring_ptr": 37
  }
},
{
  "model": "rotator.cropimagestring",
  "pk": 50,
  "fields": {
    "cropdatastring_ptr": 50
  }
},
{
  "model": "rotator.cropimagestring",
  "pk": 45,
  "fields": {
    "cropdatastring_ptr": 45
  }
},
{
  "model": "rotator.cropimagestring",
  "pk": 21,
  "fields": {
    "cropdatastring_ptr": 21
  }
},
{
  "model": "rotator.cropimagestring",
  "pk": 47,
  "fields": {
    "cropdatastring_ptr": 47
  }
},
{
  "model": "rotator.cropimagestring",
  "pk": 25,
  "fields": {
    "cropdatastring_ptr": 25
  }
},
{
  "model": "rotator.cropimagestring",
  "pk": 42,
  "fields": {
    "cropdatastring_ptr": 42
  }
},
{
  "model": "rotator.cropimagestring",
  "pk": 19,
  "fields": {
    "cropdatastring_ptr": 19
  }
},
{
  "model": "rotator.cropimagestring",
  "pk": 58,
  "fields": {
    "cropdatastring_ptr": 58
  }
},
{
  "model": "rotator.cropimagestring",
  "pk": 20,
  "fields": {
    "cropdatastring_ptr": 20
  }
},
{
  "model": "rotator.cropimagestring",
  "pk": 46,
  "fields": {
    "cropdatastring_ptr": 46
  }
},
{
  "model": "rotator.cropimagestring",
  "pk": 41,
  "fields": {
    "cropdatastring_ptr": 41
  }
},
{
  "model": "rotator.cropimagestring",
  "pk": 23,
  "fields": {
    "cropdatastring_ptr": 23
  }
},
{
  "model": "rotator.cropimagestring",
  "pk": 26,
  "fields": {
    "cropdatastring_ptr": 26
  }
},
{
  "model": "rotator.cropimagestring",
  "pk": 61,
  "fields": {
    "cropdatastring_ptr": 61
  }
},
{
  "model": "rotator.cropimagestring",
  "pk": 64,
  "fields": {
    "cropdatastring_ptr": 64
  }
},
{
  "model": "rotator.cropimagestring",
  "pk": 30,
  "fields": {
    "cropdatastring_ptr": 30
  }
},
{
  "model": "rotator.cropimagestring",
  "pk": 49,
  "fields": {
    "cropdatastring_ptr": 49
  }
},
{
  "model": "rotator.cropimagestring",
  "pk": 24,
  "fields": {
    "cropdatastring_ptr": 24
  }
},
{
  "model": "rotator.cropimagestring",
  "pk": 38,
  "fields": {
    "cropdatastring_ptr": 38
  }
},
{
  "model": "rotator.cropimagestring",
  "pk": 22,
  "fields": {
    "cropdatastring_ptr": 22
  }
},
{
  "model": "strona.pagenames",
  "pk": 1,
  "fields": {
    "lang_flag": "images/flaga-polski.png",
    "lang_flag_pl": "images/flaga-polski.png",
    "lang_flag_en": "images/flaga-wielkiej-brytanii.png",
    "lang_flag_id": "lang_flag_pl",
    "lang_flag_id_pl": "lang_flag_pl",
    "lang_flag_id_en": "lang_flag_en",
    "headtitle": "Crop Rotator - Program do optymalnego planowania płodozmianu",
    "headtitle_pl": "Crop Rotator - Program do optymalnego planowania płodozmianu",
    "headtitle_en": "Crop Rotator - program for optimal crop rotation",
    "mainpage": "Strona główna",
    "mainpage_pl": "Strona główna",
    "mainpage_en": "Main page",
    "all_plants": "Spis roślin",
    "all_plants_pl": "Spis roślin",
    "all_plants_en": "All plants",
    "about": "O projekcie",
    "about_pl": "O projekcie",
    "about_en": "About",
    "contact": "Kontakt",
    "contact_pl": "Kontakt",
    "contact_en": "Contact",
    "logout": "Wyloguj",
    "logout_pl": "Wyloguj",
    "logout_en": "Logout",
    "login": "Zaloguj",
    "login_pl": "Zaloguj",
    "login_en": "Login",
    "register": "Zarejestruj się",
    "register_pl": "Zarejestruj się",
    "register_en": "Register",
    "my_plans": "Moje plany",
    "my_plans_pl": "Moje plany",
    "my_plans_en": "My plans",
    "all_plans": "Wszystkie plany zmianowania",
    "all_plans_pl": "Wszystkie plany zmianowania",
    "all_plans_en": "All rotation plans",
    "see_more": "Zobacz więcej...",
    "see_more_pl": "Zobacz więcej...",
    "see_more_en": "See more...",
    "of_steps": "Kroków",
    "of_steps_pl": "Kroków",
    "of_steps_en": "Steps",
    "of_plants": "Roślin",
    "of_plants_pl": "Roślin",
    "of_plants_en": "Plants"
  }
},
{
  "model": "strona.regnames",
  "pk": 1,
  "fields": {
    "password": "Hasło",
    "password_pl": "Hasło",
    "password_en": "Password",
    "re_password": "Powtórz hasło",
    "re_password_pl": "Powtórz hasło",
    "re_password_en": "Retype password",
    "name": "Twój login to",
    "name_pl": "Twój login to",
    "name_en": "Your login is",
    "refresh": "Login się nie podoba? Odśwież stronę!",
    "refresh_pl": "Login się nie podoba? Odśwież stronę!",
    "refresh_en": "Don't like your login? Refresh page!",
    "passwd_too_simple": "Formularz zawiera błędy! Hasło nie może być zbyt proste.",
    "passwd_too_simple_pl": "Formularz zawiera błędy! Hasło nie może być zbyt proste.",
    "passwd_too_simple_en": "This form contains errors! Password cannot be too simple!",
    "register": "Rejestracja",
    "register_pl": "Rejestracja",
    "register_en": "Register"
  }
},
{
  "model": "strona.pageskin",
  "pk": 1,
  "fields": {
    "themetitle": "Rotator Basic - light",
    "position": 0,
    "planimagedefault": "skins/banksy-rat.jpg",
    "rotatorlogo_main": "skins/znak_od_boga_ny_orleanska.jpg"
  }
},
{
  "model": "strona.aboutpagenames",
  "pk": 1,
  "fields": {
    "about_project": "O projekcie lorem ipsum",
    "about_project_pl": "O projekcie lorem ipsum",
    "about_project_en": "",
    "send_email": "Wyślij mail",
    "send_email_pl": "Wyślij mail",
    "send_email_en": "Send email",
    "gitter": "Projekt na Gitterze",
    "gitter_pl": "Projekt na Gitterze",
    "gitter_en": "Project on Gitter",
    "github": "Projekt na Githubie",
    "github_pl": "Projekt na Githubie",
    "github_en": "Project on Github",
    "login_to_see": "Zaloguj się aby zobaczyć więcej szczegółów",
    "login_to_see_pl": "Zaloguj się aby zobaczyć więcej szczegółów",
    "login_to_see_en": "Login to see more details",
    "curr_prog_includes": "Obecnie program zawiera bazę",
    "curr_prog_includes_pl": "Obecnie program zawiera bazę",
    "curr_prog_includes_en": "Currently program includes a base of",
    "over": "Ponad",
    "over_pl": "Ponad",
    "over_en": "Over",
    "plants": "roślin uprawnych",
    "plants_pl": "roślin uprawnych",
    "plants_en": "useful plants",
    "coming_from": "wywodzących się z",
    "coming_from_pl": "wywodzących się z",
    "coming_from_en": "coming from",
    "families": "rodzin",
    "families_pl": "rodzin",
    "families_en": "families",
    "marked_by": "oznaczonych według",
    "marked_by_pl": "oznaczonych według",
    "marked_by_en": "marked by",
    "categories": "kategorii",
    "categories_pl": "kategorii",
    "categories_en": "categories",
    "and_over": "oraz ponad",
    "and_over_pl": "oraz ponad",
    "and_over_en": "and over",
    "unique_interactions": "unikalnych interakcji",
    "unique_interactions_pl": "unikalnych interakcji",
    "unique_interactions_en": "unique interactions",
    "described_by": "opisanych na podstawie",
    "described_by_pl": "opisanych na podstawie",
    "described_by_en": "described based on",
    "sources": "źródeł",
    "sources_pl": "źródeł",
    "sources_en": "sources"
  }
},
{
  "model": "strona.rotatoreditorpagenames",
  "pk": 1,
  "fields": {
    "new_plan": "Dodaj nowy plan",
    "new_plan_pl": "Dodaj nowy plan",
    "new_plan_en": "Add a new plan",
    "new_step": "Dodaj nowy krok",
    "new_step_pl": "Dodaj nowy krok",
    "new_step_en": "Add a new step",
    "name_plan": "Nazwa planu",
    "name_plan_pl": "Nazwa planu",
    "name_plan_en": "Plans name",
    "name_step": "Nazwa kroku",
    "name_step_pl": "Nazwa kroku",
    "name_step_en": "Steps title",
    "plan_remove": "Usuń plan",
    "plan_remove_pl": "Usuń plan",
    "plan_remove_en": "Remove plan",
    "step_remove": "Usuń krok",
    "step_remove_pl": "Usuń krok",
    "step_remove_en": "Remove step",
    "remove_warning": "Czy na pewno chcesz go usunąć? Tej operacji nie można cofnąć!",
    "remove_warning_pl": "Czy na pewno chcesz go usunąć? Tej operacji nie można cofnąć!",
    "remove_warning_en": "Are you sure you want to remove this item? It cannot be undone!",
    "remove_permanent": "Tak, usuń trwale!",
    "remove_permanent_pl": "Tak, usuń trwale!",
    "remove_permanent_en": "Yes, remove!",
    "dont_remove": "Nie usuwaj!",
    "dont_remove_pl": "Nie usuwaj!",
    "dont_remove_en": "Don't remove!",
    "editme": "Edytuj",
    "editme_pl": "Edytuj",
    "editme_en": "Edit",
    "switch_places": "Zamień miejscami",
    "switch_places_pl": "Zamień miejscami",
    "switch_places_en": "Switch places",
    "switch_with": "Zamień z krokiem",
    "switch_with_pl": "Zamień z krokiem",
    "switch_with_en": "Switch with step",
    "switch_text": "Zamień z innym krokiem w planie",
    "switch_text_pl": "Zamień z innym krokiem w planie",
    "switch_text_en": "Switch with other step in rotation plan",
    "u_edit_step_no": "Edytujesz krok nr",
    "u_edit_step_no_pl": "Edytujesz krok nr",
    "u_edit_step_no_en": "You are editing step no",
    "title": "Tytuł",
    "title_pl": "Tytuł",
    "title_en": "Title",
    "descr": "Opis",
    "descr_pl": "Opis",
    "descr_en": "Description",
    "early_crop": "Wczesny plon",
    "early_crop_pl": "Wczesny plon",
    "early_crop_en": "Early crop",
    "middle_crop": "Śródplon",
    "middle_crop_pl": "Śródplon",
    "middle_crop_en": "Middle crop",
    "late_crop": "Późny plon",
    "late_crop_pl": "Późny plon",
    "late_crop_en": "Late crop",
    "destroy_early_crop": "Zniszcz wczesny plon na zielony nawóz",
    "destroy_early_crop_pl": "Zniszcz wczesny plon na zielony nawóz",
    "destroy_early_crop_en": "Destroy early crop to make green fertilizer",
    "destroy_middle_crop": "Zniszcz śródplon na zielony nawóz",
    "destroy_middle_crop_pl": "Zniszcz śródplon na zielony nawóz",
    "destroy_middle_crop_en": "Destroy middle crop to make green fertilizer",
    "destroy_late_crop": "Zniszcz późny plon na zielony nawóz",
    "destroy_late_crop_pl": "Zniszcz późny plon na zielony nawóz",
    "destroy_late_crop_en": "Destroy late crop to make green fertilizer",
    "add_fertilizer": "Dodaj nawóz",
    "add_fertilizer_pl": "Dodaj nawóz",
    "add_fertilizer_en": "Add fertilizer",
    "add_fertilizer_onhover": "Program zakłada, że wiesz co robisz i dodasz nawóz odpowiedni do uprawy, a więc zaznaczenie tej opcji wpływa na dalsze kalkulacje w sposób najbardziej logiczny. Kliknij aby dowiedzieć się więcej na temat dodawania nawozów do płodozmianu.",
    "add_fertilizer_onhover_pl": "Program zakłada, że wiesz co robisz i dodasz nawóz odpowiedni do uprawy, a więc zaznaczenie tej opcji wpływa na dalsze kalkulacje w sposób najbardziej logiczny. Kliknij aby dowiedzieć się więcej na temat dodawania nawozów do płodozmianu.",
    "add_fertilizer_onhover_en": "This program assumes that you know which fertilizer to use on which crop, thus marking this field will influence calculations in most logical way possible. Click here to learn more about adding fertilizer to rotation plan.",
    "change": "Zapisz zmiany",
    "change_pl": "Zapisz zmiany",
    "change_en": "Save changes",
    "publish": "Opublikuj",
    "publish_pl": "Opublikuj",
    "publish_en": "Publish",
    "unpublish": "Wycofaj",
    "unpublish_pl": "Wycofaj",
    "unpublish_en": "Withdraw",
    "publish_text": "Opublikuj swój płodozmian",
    "publish_text_pl": "Opublikuj swój płodozmian",
    "publish_text_en": "Publish your rotation plan",
    "unpublish_text": "Wycofaj ten płodozmian z publikacji",
    "unpublish_text_pl": "Wycofaj ten płodozmian z publikacji",
    "unpublish_text_en": "Widthdraw this rotation plan from publication",
    "publish_onhover": "Może zostać wylosowany na stronie głównej i będzie dostępny w spisie wszystkich planów.",
    "publish_onhover_pl": "Może zostać wylosowany na stronie głównej i będzie dostępny w spisie wszystkich planów.",
    "publish_onhover_en": "Your plan will be searchable in plans library, and may be randomly displayed on the main page among others.",
    "unpublish_onhover": "Nie będzie widoczny na stronie głównej i w spisie planów",
    "unpublish_onhover_pl": "Nie będzie widoczny na stronie głównej i w spisie planów",
    "unpublish_onhover_en": "Your plan will cease to be visible on the main page and in plans library.",
    "more_info": "Więcej...",
    "more_info_pl": "Więcej...",
    "more_info_en": "More...",
    "option_select": "Wybierz opcję",
    "option_select_pl": "Wybierz opcję",
    "option_select_en": "Select option",
    "in_this_plan": "Zdaje się, że w Twoim planie znajduje się nie więcej niż",
    "in_this_plan_pl": "Zdaje się, że w Twoim planie znajduje się nie więcej niż",
    "in_this_plan_en": "It appears that in your plan there is no more than",
    "fabs_and": "roślin z rodziny bobowatych",
    "fabs_and_pl": "roślin z rodziny bobowatych",
    "fabs_and_en": "plants of fabacae family",
    "should_be_fabs": "Powinno ich być między 25% a 33%",
    "should_be_fabs_pl": "Powinno ich być między 25% a 33%",
    "should_be_fabs_en": "Ratio should be between 25% and 33%",
    "error_len": "Błąd: ten płodozmian jest za krótki.",
    "error_len_pl": "Błąd: ten płodozmian jest za krótki.",
    "error_len_en": "Error: This rotation plan is too short",
    "len_required": "W płodozmianie znajdują się rośliny, które wymagają dłuższego zmianowania",
    "len_required_pl": "W płodozmianie znajdują się rośliny, które wymagają dłuższego zmianowania",
    "len_required_en": "In this plan there are plants that require longer rotation",
    "remove_or_add": "Usuń je i wybierz coś innego, lub dodaj więcej kroków",
    "remove_or_add_pl": "Usuń je i wybierz coś innego, lub dodaj więcej kroków",
    "remove_or_add_en": "Remove them or add more steps to your rotation plan",
    "plan_limit_reached": "Osiągnąłeś limit planów zmianowania na użytkownika.\r\nLimit został nałożony w celu przeciwdziałania aktywności złośliwych botów.\r\nJeśli nie jesteś Botem, to bardzo Cię przepraszam za niedogodność.\r\nSkasuj już niepotrzebne plany, lub załóż swoje nowe anonimowe konto.",
    "plan_limit_reached_pl": "Osiągnąłeś limit planów zmianowania na użytkownika.\r\nLimit został nałożony w celu przeciwdziałania aktywności złośliwych botów.\r\nJeśli nie jesteś Botem, to bardzo Cię przepraszam za niedogodność.\r\nSkasuj już niepotrzebne plany, lub załóż swoje nowe anonimowe konto.",
    "plan_limit_reached_en": "You have reached limit of  rotation plans per user.\r\nThis limit has been introduced to limit malicious bots activity across the site.\r\nIf you are not a bot we sincerely apologize for the inconvenience.\r\nConsider either removing the plans you no longer need or opening another anonymous account.",
    "family": "Rodzina",
    "family_pl": "Rodzina",
    "family_en": "Family",
    "species": "Gatunek",
    "species_pl": "Gatunek",
    "species_en": "Species",
    "sources": "Źródła",
    "sources_pl": "Źródła",
    "sources_en": "Sources",
    "notes": "Uwagi",
    "notes_pl": "Uwagi",
    "notes_en": "Notes",
    "allelopatic_conflict": "Konflikt na tle allelopatycznym",
    "allelopatic_conflict_pl": "Konflikt na tle allelopatycznym",
    "allelopatic_conflict_en": "Allelopatic conflict",
    "harms": "szkodzi",
    "harms_pl": "szkodzi",
    "harms_en": "harms",
    "in_step": "w kroku",
    "in_step_pl": "w kroku",
    "in_step_en": "in step",
    "well_cooperates": "dobrze współgra z",
    "well_cooperates_pl": "dobrze współgra z",
    "well_cooperates_en": "well cooperates with",
    "collides": "Powoduje kolizję z",
    "collides_pl": "Powoduje kolizję z",
    "collides_en": "Collides with",
    "image_source": "Żródło obrazu",
    "image_source_pl": "Żródło obrazu",
    "image_source_en": "Image source",
    "add_fertilizer_main": "W tym planie brakuje nawozu z zewnątrz! Zagrożenie wyjałowieniem gleby!",
    "add_fertilizer_main_pl": "W tym planie brakuje nawozu z zewnątrz! Zagrożenie wyjałowieniem gleby!",
    "add_fertilizer_main_en": "This plan lacks external fertilization! Threat of soil exhaustion!",
    "add_fertilizer_onhover_main": "Kliknij tutaj, aby dowiedzieć się więcej o dodawaniu nawozów do płodozmianu.",
    "add_fertilizer_onhover_main_pl": "Kliknij tutaj, aby dowiedzieć się więcej o dodawaniu nawozów do płodozmianu.",
    "add_fertilizer_onhover_main_en": "Click here to learn more about adding fertilizer to crop rotation."
  }
},
{
  "model": "strona.fertilizerpagenames",
  "pk": 1,
  "fields": {
    "title": "Kilka słów o nawozachj",
    "title_pl": "Kilka słów o nawozachj",
    "title_en": "Few words about fertilizers",
    "descr": "<a href=\"https://www.eea.europa.eu/themes/sustainability-transitions/drivers-of-change/growth-without-economic-growth\"> link</a>",
    "descr_pl": "<a href=\"https://www.eea.europa.eu/themes/sustainability-transitions/drivers-of-change/growth-without-economic-growth\"> link</a>",
    "descr_en": "<a href=\"https://www.eea.europa.eu/themes/sustainability-transitions/drivers-of-change/growth-without-economic-growth\"> link</a>",
    "elements_head": null,
    "elements_head_pl": null,
    "elements_head_en": null,
    "makro_head": null,
    "makro_head_pl": null,
    "makro_head_en": null,
    "makro_descr": null,
    "makro_descr_pl": null,
    "makro_descr_en": null,
    "micro_head": null,
    "micro_head_pl": null,
    "micro_head_en": null,
    "micro_descr": null,
    "micro_descr_pl": null,
    "micro_descr_en": null,
    "fertilizers_head": null,
    "fertilizers_head_pl": null,
    "fertilizers_head_en": null,
    "natural_fertilizers_head": null,
    "natural_fertilizers_head_pl": null,
    "natural_fertilizers_head_en": null,
    "natural_fertilizers_descr": null,
    "natural_fertilizers_descr_pl": null,
    "natural_fertilizers_descr_en": null,
    "artificial_fertilizers_head": null,
    "artificial_fertilizers_head_pl": null,
    "artificial_fertilizers_head_en": null,
    "artificial_fertilizers_descr": null,
    "artificial_fertilizers_descr_pl": null,
    "artificial_fertilizers_descr_en": null
  }
},
{
  "model": "strona.basicelement",
  "pk": 1,
  "fields": {
    "name": "Azot",
    "name_pl": "Azot",
    "name_en": "Nitrogen",
    "latin_name": "nitrogenium",
    "symbol": "N",
    "image": "",
    "image_source": null,
    "is_trace_element": false,
    "descr": "Opis roli azotu we współczesnym nawożeniu - zwłaszcza tym ekologicznym.",
    "descr_pl": "Opis roli azotu we współczesnym nawożeniu - zwłaszcza tym ekologicznym.",
    "descr_en": ""
  }
},
{
  "model": "strona.basicelement",
  "pk": 2,
  "fields": {
    "name": "Fosfor",
    "name_pl": "Fosfor",
    "name_en": "Phosphorus",
    "latin_name": "phosphorus",
    "symbol": "P",
    "image": "",
    "image_source": null,
    "is_trace_element": false,
    "descr": "Opis...",
    "descr_pl": "Opis...",
    "descr_en": ""
  }
},
{
  "model": "strona.basicelement",
  "pk": 3,
  "fields": {
    "name": "Potas",
    "name_pl": "Potas",
    "name_en": "Potassium",
    "latin_name": "kalium",
    "symbol": "K",
    "image": "",
    "image_source": null,
    "is_trace_element": false,
    "descr": "Opis..",
    "descr_pl": "Opis..",
    "descr_en": ""
  }
},
{
  "model": "strona.basicelement",
  "pk": 4,
  "fields": {
    "name": "Selen",
    "name_pl": "Selen",
    "name_en": "Selenium",
    "latin_name": "selenium",
    "symbol": "Se",
    "image": "",
    "image_source": null,
    "is_trace_element": true,
    "descr": "opis... śladowy",
    "descr_pl": "opis... śladowy",
    "descr_en": ""
  }
},
{
  "model": "strona.basicelement",
  "pk": 5,
  "fields": {
    "name": "Kobalt",
    "name_pl": "Kobalt",
    "name_en": "Cobalt",
    "latin_name": "cobaltum",
    "symbol": "Co",
    "image": "",
    "image_source": null,
    "is_trace_element": true,
    "descr": "Opis... śladowy",
    "descr_pl": "Opis... śladowy",
    "descr_en": ""
  }
}
]
